Handle,Option1 Value,Option2 Value,Option3 Value,SKU,HS Code,COO,Location,Incoming,Unavailable,Committed,Available,On hand
mizuno-chiba-hoodie-jk-m-m-09,S,,,32ECA560-09-S,,,Antrim,,,,20,20
mizuno-chiba-hoodie-jk-m-m-09,M,,,32ECA560-09-M,,,Antrim,,,,20,20
mizuno-chiba-hoodie-jk-m-m-09,L,,,32ECA560-09-L,,,Antrim,,,,20,20
mizuno-chiba-hoodie-jk-m-m-09,XL,,,32ECA560-09-XL,,,Antrim,,,,20,20
mizuno-chiba-hoodie-jk-m-m-09,XXL,,,32ECA560-09-XXL,,,Antrim,,,,20,20
mizuno-chiba-hoodie-jk-m-m-09,3XL,,,32ECA560-09-3XL,,,Antrim,,,,9,9
mizuno-chiba-hoodie-jk-m-m-09,4XL,,,32ECA560-09-4XL,,,Antrim,,,,4,4
mizuno-uni-osaka-wind-jkt-m-black,XXS,,,U2EE8501-09-XXS,,,Antrim,,,,0,0
mizuno-uni-osaka-wind-jkt-m-black,XS,,,U2EE8501-09-XS,,,Antrim,,,,0,0
mizuno-uni-osaka-wind-jkt-m-black,S,,,U2EE8501-09-S,,,Antrim,,,,0,0
mizuno-uni-osaka-wind-jkt-m-black,M,,,U2EE8501-09-M,,,Antrim,,,,0,0
mizuno-uni-osaka-wind-jkt-m-black,L,,,U2EE8501-09-L,,,Antrim,,,,0,0
mizuno-uni-osaka-wind-jkt-m-black,XL,,,U2EE8501-09-XL,,,Antrim,,,,0,0
mizuno-uni-osaka-wind-jkt-m-black,XXL,,,U2EE8501-09-XXL,,,Antrim,,,,0,0
mizuno-uni-osaka-wind-jkt-m-black,3XL,,,U2EE8501-09-3XL,,,Antrim,,,,0,0
mizuno-uni-osaka-wind-jkt-m-black,4XL,,,U2EE8501-09-4XL,,,Antrim,,,,0,0
mizuno-bench-jacket-u-black,4XL,,,32EE4A23-09-4XL,,,Antrim,,,,0,0
mizuno-bench-jacket-u-black,XXS,,,32EE4A23-09-XXS,,,Antrim,,,,0,0
mizuno-bench-jacket-u-black,XS,,,32EE4A23-09-XS,,,Antrim,,,,0,0
mizuno-bench-jacket-u-black,S,,,32EE4A23-09-S,,,Antrim,,,,0,0
mizuno-bench-jacket-u-black,M,,,32EE4A23-09-M,,,Antrim,,,,0,0
mizuno-bench-jacket-u-black,L,,,32EE4A23-09-L,,,Antrim,,,,0,0
mizuno-bench-jacket-u-black,XL,,,32EE4A23-09-XL,,,Antrim,,,,0,0
mizuno-bench-jacket-u-black,XXL,,,32EE4A23-09-XXL,,,Antrim,,,,0,0
mizuno-bench-jacket-u-black,3XL,,,32EE4A23-09-3XL,,,Antrim,,,,0,0
mizuno-sideline-jacket-m-09,S,,,32EE6A10-09-S,,,Antrim,,,,0,0
mizuno-sideline-jacket-m-09,M,,,32EE6A10-09-M,,,Antrim,,,,16,16
mizuno-sideline-jacket-m-09,L,,,32EE6A10-09-L,,,Antrim,,,,0,0
mizuno-sideline-jacket-m-09,XL,,,32EE6A10-09-XL,,,Antrim,,,,0,0
mizuno-sideline-jacket-m-09,XXL,,,32EE6A10-09-XXL,,,Antrim,,,,0,0
mizuno-sideline-jacket-m-09,3XL,,,32EE6A10-09-3XL,,,Antrim,,,,0,0
mizuno-sideline-jacket-m-09,4XL,,,32EE6A10-09-4XL,,,Antrim,,,,8,8
mizuno-sapporo-hybrid-jkt-m-m-black,S,,,32FE9A02-09-S,,,Antrim,,,,20,20
mizuno-sapporo-hybrid-jkt-m-m-black,M,,,32FE9A02-09-M,,,Antrim,,,,20,20
mizuno-sapporo-hybrid-jkt-m-m-black,L,,,32FE9A02-09-L,,,Antrim,,,,20,20
mizuno-sapporo-hybrid-jkt-m-m-black,XL,,,32FE9A02-09-XL,,,Antrim,,,,3,3
mizuno-sapporo-hybrid-jkt-m-m-black,XXL,,,32FE9A02-09-XXL,,,Antrim,,,,20,20
mizuno-sapporo-hybrid-jkt-m-m-black,3XL,,,32FE9A02-09-3XL,,,Antrim,,,,2,2
mizuno-sapporo-hybrid-jkt-m-m-black,4XL,,,32FE9A02-09-4XL,,,Antrim,,,,20,20
mizuno-sapporo-hybrid-jkt-m-m-black,XS,,,32FE9A02-09-XS,,,Antrim,,,,20,20
mizuno-sapporo-hybrid-glt-m-m-black,S,,,32FE9A06-09-S,,,Antrim,,,,20,20
mizuno-sapporo-hybrid-glt-m-m-black,M,,,32FE9A06-09-M,,,Antrim,,,,20,20
mizuno-sapporo-hybrid-glt-m-m-black,L,,,32FE9A06-09-L,,,Antrim,,,,20,20
mizuno-sapporo-hybrid-glt-m-m-black,XL,,,32FE9A06-09-XL,,,Antrim,,,,20,20
mizuno-sapporo-hybrid-glt-m-m-black,XXL,,,32FE9A06-09-XXL,,,Antrim,,,,20,20
mizuno-sapporo-hybrid-glt-m-m-black,3XL,,,32FE9A06-09-3XL,,,Antrim,,,,20,20
mizuno-sapporo-hybrid-glt-m-m-black,4XL,,,32FE9A06-09-4XL,,,Antrim,,,,20,20
mizuno-sapporo-hybrid-glt-m-m-black,XS,,,32FE9A06-09-XS,,,Antrim,,,,0,0
mizuno-mizuno-club-jacket-m-m-black,S,,,32FE9A07-09-S,,,Antrim,,,,20,20
mizuno-mizuno-club-jacket-m-m-black,M,,,32FE9A07-09-M,,,Antrim,,,,20,20
mizuno-mizuno-club-jacket-m-m-black,L,,,32FE9A07-09-L,,,Antrim,,,,20,20
mizuno-mizuno-club-jacket-m-m-black,XL,,,32FE9A07-09-XL,,,Antrim,,,,20,20
mizuno-mizuno-club-jacket-m-m-black,XXL,,,32FE9A07-09-XXL,,,Antrim,,,,20,20
mizuno-mizuno-club-jacket-m-m-black,3XL,,,32FE9A07-09-3XL,,,Antrim,,,,20,20
mizuno-mizuno-club-jacket-m-m-black,4XL,,,32FE9A07-09-4XL,,,Antrim,,,,17,17
mizuno-men-auth-singlet-m-19,4XL,,,U2EA7101-19-4XL,,,Antrim,,,,0,0
mizuno-takeshi-gym-shorts-m-black,M,,,32EB4A01-09-M,,,Antrim,,,,17,17
mizuno-takeshi-gym-shorts-m-black,L,,,32EB4A01-09-L,,,Antrim,,,,20,20
mizuno-takeshi-gym-shorts-m-black,XL,,,32EB4A01-09-XL,,,Antrim,,,,20,20
mizuno-takeshi-gym-shorts-m-black,XXL,,,32EB4A01-09-XXL,,,Antrim,,,,20,20
mizuno-takeshi-gym-shorts-m-black,3XL,,,32EB4A01-09-3XL,,,Antrim,,,,20,20
mizuno-takeshi-gym-shorts-m-black,S,,,32EB4A01-09-S,,,Antrim,,,,20,20
mizuno-takeshi-gym-shorts-m-black,4XL,,,32EB4A01-09-4XL,,,Antrim,,,,20,20
mizuno-takeshi-gym-shorts-m-black,XS,,,32EB4A01-09-XS,,,Antrim,,,,20,20
mizuno-takeshi-gym-shorts-m-black,Y8,,,32EB4B01-09-Y8,,,Antrim,,,,1,1
mizuno-takeshi-gym-shorts-m-black,Y10,,,32EB4B01-09-Y10,,,Antrim,,,,15,15
mizuno-takeshi-gym-shorts-m-black,Y12,,,32EB4B01-09-Y12,,,Antrim,,,,2,2
mizuno-takeshi-gym-shorts-m-black,YXS,,,32EB4B01-09-YXS,,,Antrim,,,,20,20
mizuno-takeshi-gym-shorts-m-black,Y6,,,32EB4B01-09-Y6,,,Antrim,,,,17,17
mizuno-authentic-r-short-m-m-white,S,,,32EB8A11-01-S,,,Antrim,,,,20,20
mizuno-authentic-r-short-m-m-white,M,,,32EB8A11-01-M,,,Antrim,,,,20,20
mizuno-authentic-r-short-m-m-white,L,,,32EB8A11-01-L,,,Antrim,,,,20,20
mizuno-authentic-r-short-m-m-white,XL,,,32EB8A11-01-XL,,,Antrim,,,,20,20
mizuno-authentic-r-short-m-m-white,XXL,,,32EB8A11-01-XXL,,,Antrim,,,,20,20
mizuno-authentic-r-short-m-m-white,3XL,,,32EB8A11-01-3XL,,,Antrim,,,,20,20
mizuno-authentic-r-short-m-m-white,4XL,,,32EB8A11-01-4XL,,,Antrim,,,,20,20
mizuno-authentic-r-short-m-m-navy,S,,,32EB8A11-14-S,,,Antrim,,,,20,20
mizuno-authentic-r-short-m-m-navy,M,,,32EB8A11-14-M,,,Antrim,,,,20,20
mizuno-authentic-r-short-m-m-navy,L,,,32EB8A11-14-L,,,Antrim,,,,20,20
mizuno-authentic-r-short-m-m-navy,XL,,,32EB8A11-14-XL,,,Antrim,,,,20,20
mizuno-authentic-r-short-m-m-navy,XXL,,,32EB8A11-14-XXL,,,Antrim,,,,20,20
mizuno-authentic-r-short-m-m-navy,3XL,,,32EB8A11-14-3XL,,,Antrim,,,,16,16
mizuno-authentic-r-short-m-m-navy,4XL,,,32EB8A11-14-4XL,,,Antrim,,,,20,20
mizuno-core-bermuda-m-m-black,S,,,32EB9635-09-S,,,Antrim,,,,20,20
mizuno-core-bermuda-m-m-black,M,,,32EB9635-09-M,,,Antrim,,,,20,20
mizuno-core-bermuda-m-m-black,L,,,32EB9635-09-L,,,Antrim,,,,10,10
mizuno-core-bermuda-m-m-black,XL,,,32EB9635-09-XL,,,Antrim,,,,17,17
mizuno-core-bermuda-m-m-black,XXL,,,32EB9635-09-XXL,,,Antrim,,,,20,20
mizuno-training-short-m-09,XS,,,32EBA520-09-XS,,,Antrim,,,,20,20
mizuno-training-short-m-09,S,,,32EBA520-09-S,,,Antrim,,,,20,20
mizuno-training-short-m-09,M,,,32EBA520-09-M,,,Antrim,,,,20,20
mizuno-training-short-m-09,L,,,32EBA520-09-L,,,Antrim,,,,20,20
mizuno-training-short-m-09,XL,,,32EBA520-09-XL,,,Antrim,,,,20,20
mizuno-training-short-m-09,XXL,,,32EBA520-09-XXL,,,Antrim,,,,20,20
mizuno-training-short-m-09,3XL,,,32EBA520-09-3XL,,,Antrim,,,,9,9
mizuno-training-short-m-09,4XL,,,32EBA520-09-4XL,,,Antrim,,,,20,20
mizuno-shizuoka-ft-tee-m-m-grey,S,,,32EA8A05-05-S,,,Antrim,,,,20,20
mizuno-shizuoka-ft-tee-m-m-grey,M,,,32EA8A05-05-M,,,Antrim,,,,1,1
mizuno-shizuoka-ft-tee-m-m-grey,L,,,32EA8A05-05-L,,,Antrim,,,,20,20
mizuno-shizuoka-ft-tee-m-m-grey,XL,,,32EA8A05-05-XL,,,Antrim,,,,16,16
mizuno-shizuoka-ft-tee-m-m-grey,XXL,,,32EA8A05-05-XXL,,,Antrim,,,,20,20
mizuno-shizuoka-ft-tee-m-m-grey,3XL,,,32EA8A05-05-3XL,,,Antrim,,,,15,15
mizuno-shizuoka-ft-tee-m-m-grey,4XL,,,32EA8A05-05-4XL,,,Antrim,,,,20,20
mizuno-shizuoka-ft-tee-m-m-navy,S,,,32EA8A05-14-S,,,Antrim,,,,20,20
mizuno-shizuoka-ft-tee-m-m-navy,M,,,32EA8A05-14-M,,,Antrim,,,,0,0
mizuno-shizuoka-ft-tee-m-m-navy,L,,,32EA8A05-14-L,,,Antrim,,,,18,18
mizuno-shizuoka-ft-tee-m-m-navy,XL,,,32EA8A05-14-XL,,,Antrim,,,,20,20
mizuno-shizuoka-ft-tee-m-m-navy,XXL,,,32EA8A05-14-XXL,,,Antrim,,,,20,20
mizuno-shizuoka-ft-tee-m-m-navy,3XL,,,32EA8A05-14-3XL,,,Antrim,,,,20,20
mizuno-shizuoka-ft-tee-m-m-navy,4XL,,,32EA8A05-14-4XL,,,Antrim,,,,19,19
mizuno-shizuoka-ft-polo-m-m-grey,S,,,32EA8A06-05-S,,,Antrim,,,,20,20
mizuno-shizuoka-ft-polo-m-m-grey,M,,,32EA8A06-05-M,,,Antrim,,,,20,20
mizuno-shizuoka-ft-polo-m-m-grey,L,,,32EA8A06-05-L,,,Antrim,,,,20,20
mizuno-shizuoka-ft-polo-m-m-grey,XL,,,32EA8A06-05-XL,,,Antrim,,,,20,20
mizuno-shizuoka-ft-polo-m-m-grey,XXL,,,32EA8A06-05-XXL,,,Antrim,,,,20,20
mizuno-shizuoka-ft-polo-m-m-grey,3XL,,,32EA8A06-05-3XL,,,Antrim,,,,20,20
mizuno-shizuoka-ft-polo-m-m-grey,4XL,,,32EA8A06-05-4XL,,,Antrim,,,,20,20
mizuno-shizuoka-ft-polo-m-m-navy,S,,,32EA8A06-14-S,,,Antrim,,,,20,20
mizuno-shizuoka-ft-polo-m-m-navy,M,,,32EA8A06-14-M,,,Antrim,,,,20,20
mizuno-shizuoka-ft-polo-m-m-navy,L,,,32EA8A06-14-L,,,Antrim,,,,20,20
mizuno-shizuoka-ft-polo-m-m-navy,XL,,,32EA8A06-14-XL,,,Antrim,,,,20,20
mizuno-shizuoka-ft-polo-m-m-navy,XXL,,,32EA8A06-14-XXL,,,Antrim,,,,20,20
mizuno-shizuoka-ft-polo-m-m-navy,3XL,,,32EA8A06-14-3XL,,,Antrim,,,,20,20
mizuno-shizuoka-ft-polo-m-m-navy,4XL,,,32EA8A06-14-4XL,,,Antrim,,,,20,20
mizuno-men-core-polo-m-14,S,,,32EA7001-14-S,,,Antrim,,,,20,20
mizuno-men-core-polo-m-14,M,,,32EA7001-14-M,,,Antrim,,,,0,0
mizuno-men-core-polo-m-14,L,,,32EA7001-14-L,,,Antrim,,,,7,7
mizuno-men-core-polo-m-14,XL,,,32EA7001-14-XL,,,Antrim,,,,19,19
mizuno-men-core-polo-m-14,XXL,,,32EA7001-14-XXL,,,Antrim,,,,20,20
mizuno-men-core-polo-m-14,3XL,,,32EA7001-14-3XL,,,Antrim,,,,20,20
mizuno-men-core-polo-m-14,4XL,,,32EA7001-14-4XL,,,Antrim,,,,17,17
mizuno-men-core-polo-m-14,XS,,,32EA7201-14-XS,,,Antrim,,,,20,20
mizuno-men-core-ss-tee-m-10,S,,,32EA7002-10-S,,,Antrim,,,,0,0
mizuno-men-core-ss-tee-m-10,M,,,32EA7002-10-M,,,Antrim,,,,1,1
mizuno-men-core-ss-tee-m-10,L,,,32EA7002-10-L,,,Antrim,,,,20,20
mizuno-men-core-ss-tee-m-10,XL,,,32EA7002-10-XL,,,Antrim,,,,20,20
mizuno-men-core-ss-tee-m-10,XXL,,,32EA7002-10-XXL,,,Antrim,,,,20,20
mizuno-men-core-ss-tee-m-10,3XL,,,32EA7002-10-3XL,,,Antrim,,,,20,20
mizuno-men-core-ss-tee-m-10,4XL,,,32EA7002-10-4XL,,,Antrim,,,,9,9
mizuno-men-core-ss-tee-m-10,XS,,,32EA7202-10-XS,,,Antrim,,,,20,20
mizuno-men-core-ss-tee-m-19,S,,,32EA7002-19-S,,,Antrim,,,,20,20
mizuno-men-core-ss-tee-m-19,M,,,32EA7002-19-M,,,Antrim,,,,20,20
mizuno-men-core-ss-tee-m-19,L,,,32EA7002-19-L,,,Antrim,,,,20,20
mizuno-men-core-ss-tee-m-19,XL,,,32EA7002-19-XL,,,Antrim,,,,20,20
mizuno-men-core-ss-tee-m-19,XXL,,,32EA7002-19-XXL,,,Antrim,,,,20,20
mizuno-men-core-ss-tee-m-19,3XL,,,32EA7002-19-3XL,,,Antrim,,,,20,20
mizuno-men-core-ss-tee-m-19,4XL,,,32EA7002-19-4XL,,,Antrim,,,,20,20
mizuno-men-core-ss-tee-m-19,XS,,,32EA7202-19-XS,,,Antrim,,,,20,20
mizuno-men-auth-singlet-m-14,S,,,U2EA7101-14-S,,,Antrim,,,,20,20
mizuno-men-auth-singlet-m-14,M,,,U2EA7101-14-M,,,Antrim,,,,20,20
mizuno-men-auth-singlet-m-14,L,,,U2EA7101-14-L,,,Antrim,,,,20,20
mizuno-men-auth-singlet-m-14,XL,,,U2EA7101-14-XL,,,Antrim,,,,20,20
mizuno-men-auth-singlet-m-14,XXL,,,U2EA7101-14-XXL,,,Antrim,,,,0,0
mizuno-men-auth-singlet-m-14,3XL,,,U2EA7101-14-3XL,,,Antrim,,,,0,0
mizuno-men-auth-singlet-m-14,4XL,,,U2EA7101-14-4XL,,,Antrim,,,,0,0
mizuno-men-auth-singlet-m-14,XS,,,U2EA7301-14-XS,,,Antrim,,,,20,20
mizuno-shizuoka-t-fleece-m-black,XS,,,32EE8A01-09-XS,,,Antrim,,,,0,0
mizuno-shizuoka-t-fleece-m-black,S,,,32EE8A01-09-S,,,Antrim,,,,20,20
mizuno-shizuoka-t-fleece-m-black,M,,,32EE8A01-09-M,,,Antrim,,,,0,0
mizuno-shizuoka-t-fleece-m-black,L,,,32EE8A01-09-L,,,Antrim,,,,0,0
mizuno-shizuoka-t-fleece-m-black,XL,,,32EE8A01-09-XL,,,Antrim,,,,20,20
mizuno-shizuoka-t-fleece-m-black,XXL,,,32EE8A01-09-XXL,,,Antrim,,,,20,20
mizuno-shizuoka-t-fleece-m-black,3XL,,,32EE8A01-09-3XL,,,Antrim,,,,20,20
mizuno-shizuoka-t-fleece-m-black,4XL,,,32EE8A01-09-4XL,,,Antrim,,,,20,20
mizuno-shizuoka-spls-top-m-m-black,S,,,32EC8A02-09-S,,,Antrim,,,,20,20
mizuno-shizuoka-spls-top-m-m-black,M,,,32EC8A02-09-M,,,Antrim,,,,13,13
mizuno-shizuoka-spls-top-m-m-black,L,,,32EC8A02-09-L,,,Antrim,,,,16,16
mizuno-shizuoka-spls-top-m-m-black,XL,,,32EC8A02-09-XL,,,Antrim,,,,20,20
mizuno-shizuoka-spls-top-m-m-black,XXL,,,32EC8A02-09-XXL,,,Antrim,,,,20,20
mizuno-shizuoka-spls-top-m-m-black,3XL,,,32EC8A02-09-3XL,,,Antrim,,,,20,20
mizuno-shizuoka-spls-top-m-m-black,4XL,,,32EC8A02-09-4XL,,,Antrim,,,,20,20
mizuno-nara-trn-swt-m-m-09,S,,,32FC9A03-09-S,,,Antrim,,,,20,20
mizuno-nara-trn-swt-m-m-09,M,,,32FC9A03-09-M,,,Antrim,,,,20,20
mizuno-nara-trn-swt-m-m-09,L,,,32FC9A03-09-L,,,Antrim,,,,20,20
mizuno-nara-trn-swt-m-m-09,XL,,,32FC9A03-09-XL,,,Antrim,,,,20,20
mizuno-nara-trn-swt-m-m-09,XXL,,,32FC9A03-09-XXL,,,Antrim,,,,20,20
mizuno-nara-trn-swt-m-m-09,3XL,,,32FC9A03-09-3XL,,,Antrim,,,,20,20
mizuno-nara-trn-swt-m-m-09,4XL,,,32FC9A03-09-4XL,,,Antrim,,,,4,4
mizuno-nara-trn-swt-m-m-09,XS,,,32FC9A03-09-XS,,,Antrim,,,,0,0
mizuno-nara-track-pant-m-m-black,S,,,32FD9A01-09-S,,,Antrim,,,,20,20
mizuno-nara-track-pant-m-m-black,M,,,32FD9A01-09-M,,,Antrim,,,,20,20
mizuno-nara-track-pant-m-m-black,L,,,32FD9A01-09-L,,,Antrim,,,,20,20
mizuno-nara-track-pant-m-m-black,XL,,,32FD9A01-09-XL,,,Antrim,,,,20,20
mizuno-nara-track-pant-m-m-black,XXL,,,32FD9A01-09-XXL,,,Antrim,,,,20,20
mizuno-nara-track-pant-m-m-black,3XL,,,32FD9A01-09-3XL,,,Antrim,,,,20,20
mizuno-nara-track-pant-m-m-black,4XL,,,32FD9A01-09-4XL,,,Antrim,,,,20,20
mizuno-mizuno-ter-hoodie-w-w-grey-melange,XS,,,32EC9C60-07-XS,,,Antrim,,,,0,0
mizuno-mizuno-ter-hoodie-w-w-grey-melange,S,,,32EC9C60-07-S,,,Antrim,,,,0,0
mizuno-mizuno-ter-hoodie-w-w-grey-melange,M,,,32EC9C60-07-M,,,Antrim,,,,0,0
mizuno-mizuno-ter-hoodie-w-w-grey-melange,L,,,32EC9C60-07-L,,,Antrim,,,,0,0
mizuno-mizuno-ter-hoodie-w-w-grey-melange,XL,,,32EC9C60-07-XL,,,Antrim,,,,17,17
mizuno-mizuno-ter-hoodie-w-w-grey-melange,XXL,,,32EC9C60-07-XXL,,,Antrim,,,,15,15
mizuno-mizuno-ter-hoodie-w-w-grey-melange,3XL,,,32EC9C60-07-3XL,,,Antrim,,,,0,0
mizuno-mizuno-ter-hoodie-w-w-navy,XS,,,32EC9C60-14-XS,,,Antrim,,,,0,0
mizuno-mizuno-ter-hoodie-w-w-navy,S,,,32EC9C60-14-S,,,Antrim,,,,0,0
mizuno-mizuno-ter-hoodie-w-w-navy,M,,,32EC9C60-14-M,,,Antrim,,,,0,0
mizuno-mizuno-ter-hoodie-w-w-navy,L,,,32EC9C60-14-L,,,Antrim,,,,0,0
mizuno-mizuno-ter-hoodie-w-w-navy,XL,,,32EC9C60-14-XL,,,Antrim,,,,0,0
mizuno-mizuno-ter-hoodie-w-w-navy,XXL,,,32EC9C60-14-XXL,,,Antrim,,,,0,0
mizuno-mizuno-ter-hoodie-w-w-navy,3XL,,,32EC9C60-14-3XL,,,Antrim,,,,0,0
mizuno-mizuno-ter-hoodie-w-w-black,XS,,,32EC9C60C-09-XS,,,Antrim,,,,20,20
mizuno-mizuno-ter-hoodie-w-w-black,S,,,32EC9C60C-09-S,,,Antrim,,,,20,20
mizuno-mizuno-ter-hoodie-w-w-black,M,,,32EC9C60C-09-M,,,Antrim,,,,5,5
mizuno-mizuno-ter-hoodie-w-w-black,L,,,32EC9C60C-09-L,,,Antrim,,,,8,8
mizuno-mizuno-ter-hoodie-w-w-black,XL,,,32EC9C60C-09-XL,,,Antrim,,,,5,5
mizuno-mizuno-ter-hoodie-w-w-black,XXL,,,32EC9C60C-09-XXL,,,Antrim,,,,11,11
mizuno-mizuno-ter-hoodie-w-w-black,3XL,,,32EC9C60C-09-3XL,,,Antrim,,,,0,0
mizuno-authentic-skort-w-w-black,XS,,,32EB8C14-09-XS,,,Antrim,,,,20,20
mizuno-authentic-skort-w-w-black,S,,,32EB8C14-09-S,,,Antrim,,,,20,20
mizuno-authentic-skort-w-w-black,M,,,32EB8C14-09-M,,,Antrim,,,,20,20
mizuno-authentic-skort-w-w-black,L,,,32EB8C14-09-L,,,Antrim,,,,20,20
mizuno-authentic-skort-w-w-black,XL,,,32EB8C14-09-XL,,,Antrim,,,,20,20
mizuno-authentic-skort-w-w-black,XXL,,,32EB8C14-09-XXL,,,Antrim,,,,20,20
mizuno-authentic-skort-w-w-black,3XL,,,32EB8C14-09-3XL,,,Antrim,,,,20,20
mizuno-shizuoka-ft-tee-w-w-grey,XS,,,32EA8C05-05-XS,,,Antrim,,,,20,20
mizuno-shizuoka-ft-tee-w-w-grey,S,,,32EA8C05-05-S,,,Antrim,,,,20,20
mizuno-shizuoka-ft-tee-w-w-grey,M,,,32EA8C05-05-M,,,Antrim,,,,20,20
mizuno-shizuoka-ft-tee-w-w-grey,L,,,32EA8C05-05-L,,,Antrim,,,,12,12
mizuno-shizuoka-ft-tee-w-w-grey,XL,,,32EA8C05-05-XL,,,Antrim,,,,20,20
mizuno-shizuoka-ft-tee-w-w-grey,XXL,,,32EA8C05-05-XXL,,,Antrim,,,,20,20
mizuno-shizuoka-ft-tee-w-w-grey,3XL,,,32EA8C05-05-3XL,,,Antrim,,,,0,0
mizuno-shizuoka-ft-tee-w-w-navy,XS,,,32EA8C05-14-XS,,,Antrim,,,,20,20
mizuno-shizuoka-ft-tee-w-w-navy,S,,,32EA8C05-14-S,,,Antrim,,,,20,20
mizuno-shizuoka-ft-tee-w-w-navy,M,,,32EA8C05-14-M,,,Antrim,,,,10,10
mizuno-shizuoka-ft-tee-w-w-navy,L,,,32EA8C05-14-L,,,Antrim,,,,20,20
mizuno-shizuoka-ft-tee-w-w-navy,XL,,,32EA8C05-14-XL,,,Antrim,,,,0,0
mizuno-shizuoka-ft-tee-w-w-navy,XXL,,,32EA8C05-14-XXL,,,Antrim,,,,13,13
mizuno-shizuoka-ft-tee-w-w-navy,3XL,,,32EA8C05-14-3XL,,,Antrim,,,,0,0
mizuno-shizuoka-ft-polo-w-w-grey,XS,,,32EA8C06-05-XS,,,Antrim,,,,0,0
mizuno-shizuoka-ft-polo-w-w-grey,S,,,32EA8C06-05-S,,,Antrim,,,,0,0
mizuno-shizuoka-ft-polo-w-w-grey,M,,,32EA8C06-05-M,,,Antrim,,,,0,0
mizuno-shizuoka-ft-polo-w-w-grey,L,,,32EA8C06-05-L,,,Antrim,,,,0,0
mizuno-shizuoka-ft-polo-w-w-grey,XL,,,32EA8C06-05-XL,,,Antrim,,,,0,0
mizuno-shizuoka-ft-polo-w-w-grey,XXL,,,32EA8C06-05-XXL,,,Antrim,,,,0,0
mizuno-shizuoka-ft-polo-w-w-grey,3XL,,,32EA8C06-05-3XL,,,Antrim,,,,0,0
mizuno-shizuoka-ft-polo-w-w-navy,XS,,,32EA8C06-14-XS,,,Antrim,,,,20,20
mizuno-shizuoka-ft-polo-w-w-navy,S,,,32EA8C06-14-S,,,Antrim,,,,20,20
mizuno-shizuoka-ft-polo-w-w-navy,M,,,32EA8C06-14-M,,,Antrim,,,,20,20
mizuno-shizuoka-ft-polo-w-w-navy,L,,,32EA8C06-14-L,,,Antrim,,,,20,20
mizuno-shizuoka-ft-polo-w-w-navy,XL,,,32EA8C06-14-XL,,,Antrim,,,,20,20
mizuno-shizuoka-ft-polo-w-w-navy,XXL,,,32EA8C06-14-XXL,,,Antrim,,,,20,20
mizuno-shizuoka-ft-polo-w-w-navy,3XL,,,32EA8C06-14-3XL,,,Antrim,,,,0,0
mizuno-shizuoka-t-pant-w-w-black,XS,,,32ED8C01-09-XS,,,Antrim,,,,2,2
mizuno-shizuoka-t-pant-w-w-black,S,,,32ED8C01-09-S,,,Antrim,,,,7,7
mizuno-shizuoka-t-pant-w-w-black,M,,,32ED8C01-09-M,,,Antrim,,,,17,17
mizuno-shizuoka-t-pant-w-w-black,L,,,32ED8C01-09-L,,,Antrim,,,,1,1
mizuno-shizuoka-t-pant-w-w-black,XL,,,32ED8C01-09-XL,,,Antrim,,,,8,8
mizuno-shizuoka-t-pant-w-w-black,XXL,,,32ED8C01-09-XXL,,,Antrim,,,,0,0
mizuno-shizuoka-t-pant-w-w-black,3XL,,,32ED8C01-09-3XL,,,Antrim,,,,0,0
mizuno-nara-track-pant-w-w-black,XS,,,32EDA701-09-XS,,,Antrim,,,,20,20
mizuno-nara-track-pant-w-w-black,S,,,32EDA701-09-S,,,Antrim,,,,20,20
mizuno-nara-track-pant-w-w-black,M,,,32EDA701-09-M,,,Antrim,,,,20,20
mizuno-nara-track-pant-w-w-black,L,,,32EDA701-09-L,,,Antrim,,,,20,20
mizuno-nara-track-pant-w-w-black,XL,,,32EDA701-09-XL,,,Antrim,,,,20,20
mizuno-nara-track-pant-w-w-black,XXL,,,32EDA701-09-XXL,,,Antrim,,,,20,20
mizuno-nara-track-pant-w-w-black,3XL,,,32EDA701-09-3XL,,,Antrim,,,,0,0
mizuno-shizuoka-ft-tee-jr-c-black,Y6,,,32EA8B05-09-Y6,,,Antrim,,,,0,0
mizuno-shizuoka-ft-tee-jr-c-black,Y8,,,32EA8B05-09-Y8,,,Antrim,,,,0,0
mizuno-shizuoka-ft-tee-jr-c-black,Y10,,,32EA8B05-09-Y10,,,Antrim,,,,0,0
mizuno-shizuoka-ft-tee-jr-c-black,Y12,,,32EA8B05-09-Y12,,,Antrim,,,,0,0
mizuno-shizuoka-ft-tee-jr-c-black,YXS,,,32EA8B05-09-YXS,,,Antrim,,,,0,0
mizuno-ryoko-stick-bag-u-black,NS,,,33EY0W12-09-NS,,,Antrim,,,,20,20
mizuno-ryoko-stick-backpack-u-black,NS,,,33EY0W13-09-NS,,,Antrim,,,,6,6
mizuno-ryoko-stick-holdall-u-black,NS,,,33EY0W14-09-NS,,,Antrim,,,,20,20
mizuno-back-pack-u-09,NS,,,33EY7W93-09-NS,,,Antrim,,,,20,20
mizuno-holdall-large-u-09,NS,,,33EY8W08-09-NS,,,Antrim,,,,20,20
mizuno-holdall-medium-u-09,NS,,,33EY8W09-09-NS,,,Antrim,,,,20,20
mizuno-trolley-bag-u-navy,NS,,,33GD8016-14-NS,,,Antrim,,,,13,13
mizuno-ryoko-backpack-u-09,NS,,,33EY0W03-09-NS,,,Antrim,,,,20,20
mizuno-zunari-team-cap-pack-of-6-white,NS,,,32FW9A01-01-NS,,,Antrim,,,,0,0
mizuno-zunari-team-cap-pack-of-6-navy,NS,,,32FW9A01-14-NS,,,Antrim,,,,20,20
mizuno-tatami-drylite-cap-pack-of-6-white,NS,,,32FW9A02-01-NS,,,Antrim,,,,20,20
mizuno-tatami-drylite-cap-pack-of-6-navy,NS,,,32FW9A02-14-NS,,,Antrim,,,,20,20
mizuno-tatami-drylite-visor-pack-of-6-white,NS,,,32FW9A03-01-NS,,,Antrim,,,,20,20
mizuno-tatami-drylite-visor-pack-of-6-navy,NS,,,32FW9A03-14-NS,,,Antrim,,,,12,12
mizuno-jingasa-bobble-hat-pack-of-6-black,NS,,,32FW9A04-09-NS,,,Antrim,,,,20,20
mizuno-mizuno-promo-snood-pack-of-6-black,NS,,,32FY9W02-09-NS,,,Antrim,,,,20,20
mizuno-authentic-sp-sock-pk-u-pack-of-6-black,S,,,R2EX9A01-09-S,,,Antrim,,,,20,20
mizuno-authentic-sp-sock-pk-u-pack-of-6-black,M,,,R2EX9A01-09-M,,,Antrim,,,,3,3
mizuno-authentic-sp-sock-pk-u-pack-of-6-black,L,,,R2EX9A01-09-L,,,Antrim,,,,0,0
mizuno-authentic-sp-sock-pk-u-pack-of-6-black,XL,,,R2EX9A01-09-XL,,,Antrim,,,,5,5
mizuno-authentic-sp-sock-pk-u-pack-of-6-red,S,,,R2EX9A01-62-S,,,Antrim,,,,15,15
mizuno-authentic-sp-sock-pk-u-pack-of-6-red,M,,,R2EX9A01-62-M,,,Antrim,,,,20,20
mizuno-authentic-sp-sock-pk-u-pack-of-6-red,L,,,R2EX9A01-62-L,,,Antrim,,,,20,20
mizuno-authentic-sp-sock-pk-u-pack-of-6-red,XL,,,R2EX9A01-62-XL,,,Antrim,,,,20,20
mizuno-handball-socks-6pair-u-01,S,,,32EX0X01-01-S,,,Antrim,,,,0,0
mizuno-handball-socks-6pair-u-01,M,,,32EX0X01-01-M,,,Antrim,,,,20,20
mizuno-handball-socks-6pair-u-01,L,,,32EX0X01-01-L,,,Antrim,,,,20,20
mizuno-handball-socks-6pair-u-01,XL,,,32EX0X01-01-XL,,,Antrim,,,,20,20
mizuno-handball-socks-6pair-u-01,XXL,,,32EX0X01-01-XXL,,,Antrim,,,,10,10
mizuno-handball-socks-6pair-u-15,S,,,32EX0X01-15-S,,,Antrim,,,,0,0
mizuno-handball-socks-6pair-u-15,M,,,32EX0X01-15-M,,,Antrim,,,,20,20
mizuno-handball-socks-6pair-u-15,L,,,32EX0X01-15-L,,,Antrim,,,,20,20
mizuno-handball-socks-6pair-u-15,XL,,,32EX0X01-15-XL,,,Antrim,,,,20,20
mizuno-handball-socks-6pair-u-15,XXL,,,32EX0X01-15-XXL,,,Antrim,,,,9,9
