Handle,Title,Option1 Name,Option1 Value,Option2 Name,Option2 Value,Option3 Name,Option3 Value,SKU,HS Code,COO,Location,Incoming,Unavailable,Committed,Available,On hand (new)
mizuno-chiba-hoodie-jk-m-m-09,Mizuno - Chiba Hoodie Jk M(m) - 09,Size,S,,,,,32ECA560-09-S,,,Antrim,,,,,20
mizuno-chiba-hoodie-jk-m-m-09,Mizuno - Chiba Hoodie Jk M(m) - 09,Size,M,,,,,32ECA560-09-M,,,Antrim,,,,,20
mizuno-chiba-hoodie-jk-m-m-09,Mizuno - Chiba Hoodie Jk M(m) - 09,Size,L,,,,,32ECA560-09-L,,,Antrim,,,,,20
mizuno-chiba-hoodie-jk-m-m-09,Mizuno - Chiba Hoodie Jk M(m) - 09,Size,XL,,,,,32ECA560-09-XL,,,Antrim,,,,,20
mizuno-chiba-hoodie-jk-m-m-09,Mizuno - Chiba Hoodie Jk M(m) - 09,Size,XXL,,,,,32ECA560-09-XXL,,,Antrim,,,,,20
mizuno-chiba-hoodie-jk-m-m-09,Mizuno - Chiba Hoodie Jk M(m) - 09,Size,3XL,,,,,32ECA560-09-3XL,,,Antrim,,,,,9
mizuno-chiba-hoodie-jk-m-m-09,Mizuno - Chiba Hoodie Jk M(m) - 09,Size,4XL,,,,,32ECA560-09-4XL,,,Antrim,,,,,4
mizuno-chiba-hoodie-jk-m-m-62,Mizuno - Chiba Hoodie Jk M(m) - 62,Size,S,,,,,32ECA560-62-S,,,Antrim,,,,,20
mizuno-chiba-hoodie-jk-m-m-62,Mizuno - Chiba Hoodie Jk M(m) - 62,Size,M,,,,,32ECA560-62-M,,,Antrim,,,,,20
mizuno-chiba-hoodie-jk-m-m-62,Mizuno - Chiba Hoodie Jk M(m) - 62,Size,L,,,,,32ECA560-62-L,,,Antrim,,,,,20
mizuno-chiba-hoodie-jk-m-m-62,Mizuno - Chiba Hoodie Jk M(m) - 62,Size,XL,,,,,32ECA560-62-XL,,,Antrim,,,,,20
mizuno-chiba-hoodie-jk-m-m-62,Mizuno - Chiba Hoodie Jk M(m) - 62,Size,XXL,,,,,32ECA560-62-XXL,,,Antrim,,,,,20
mizuno-chiba-hoodie-jk-m-m-62,Mizuno - Chiba Hoodie Jk M(m) - 62,Size,3XL,,,,,32ECA560-62-3XL,,,Antrim,,,,,20
mizuno-chiba-hoodie-jk-m-m-62,Mizuno - Chiba Hoodie Jk M(m) - 62,Size,4XL,,,,,32ECA560-62-4XL,,,Antrim,,,,,10
mizuno-uni-osaka-wind-jkt-m-black,Mizuno - Uni Osaka Wind Jkt(m) - Black,Size,XXS,,,,,U2EE8501-09-XXS,,,Antrim,,,,,0
mizuno-uni-osaka-wind-jkt-m-black,Mizuno - Uni Osaka Wind Jkt(m) - Black,Size,XS,,,,,U2EE8501-09-XS,,,Antrim,,,,,0
mizuno-uni-osaka-wind-jkt-m-black,Mizuno - Uni Osaka Wind Jkt(m) - Black,Size,S,,,,,U2EE8501-09-S,,,Antrim,,,,,0
mizuno-uni-osaka-wind-jkt-m-black,Mizuno - Uni Osaka Wind Jkt(m) - Black,Size,M,,,,,U2EE8501-09-M,,,Antrim,,,,,0
mizuno-uni-osaka-wind-jkt-m-black,Mizuno - Uni Osaka Wind Jkt(m) - Black,Size,L,,,,,U2EE8501-09-L,,,Antrim,,,,,0
mizuno-uni-osaka-wind-jkt-m-black,Mizuno - Uni Osaka Wind Jkt(m) - Black,Size,XL,,,,,U2EE8501-09-XL,,,Antrim,,,,,0
mizuno-uni-osaka-wind-jkt-m-black,Mizuno - Uni Osaka Wind Jkt(m) - Black,Size,XXL,,,,,U2EE8501-09-XXL,,,Antrim,,,,,0
mizuno-uni-osaka-wind-jkt-m-black,Mizuno - Uni Osaka Wind Jkt(m) - Black,Size,3XL,,,,,U2EE8501-09-3XL,,,Antrim,,,,,0
mizuno-uni-osaka-wind-jkt-m-black,Mizuno - Uni Osaka Wind Jkt(m) - Black,Size,4XL,,,,,U2EE8501-09-4XL,,,Antrim,,,,,0
mizuno-bench-jacket-u-black,Mizuno - Bench Jacket(u) - Black,Size,4XL,,,,,32EE4A23-09-4XL,,,Antrim,,,,,0
mizuno-bench-jacket-u-black,Mizuno - Bench Jacket(u) - Black,Size,XXS,,,,,32EE4A23-09-XXS,,,Antrim,,,,,0
mizuno-bench-jacket-u-black,Mizuno - Bench Jacket(u) - Black,Size,XS,,,,,32EE4A23-09-XS,,,Antrim,,,,,0
mizuno-bench-jacket-u-black,Mizuno - Bench Jacket(u) - Black,Size,S,,,,,32EE4A23-09-S,,,Antrim,,,,,0
mizuno-bench-jacket-u-black,Mizuno - Bench Jacket(u) - Black,Size,M,,,,,32EE4A23-09-M,,,Antrim,,,,,0
mizuno-bench-jacket-u-black,Mizuno - Bench Jacket(u) - Black,Size,L,,,,,32EE4A23-09-L,,,Antrim,,,,,0
mizuno-bench-jacket-u-black,Mizuno - Bench Jacket(u) - Black,Size,XL,,,,,32EE4A23-09-XL,,,Antrim,,,,,0
mizuno-bench-jacket-u-black,Mizuno - Bench Jacket(u) - Black,Size,XXL,,,,,32EE4A23-09-XXL,,,Antrim,,,,,0
mizuno-bench-jacket-u-black,Mizuno - Bench Jacket(u) - Black,Size,3XL,,,,,32EE4A23-09-3XL,,,Antrim,,,,,0
mizuno-sideline-jacket-m-09,Mizuno - Sideline Jacket (m) - 09,Size,S,,,,,32EE6A10-09-S,,,Antrim,,,,,0
mizuno-sideline-jacket-m-09,Mizuno - Sideline Jacket (m) - 09,Size,M,,,,,32EE6A10-09-M,,,Antrim,,,,,16
mizuno-sideline-jacket-m-09,Mizuno - Sideline Jacket (m) - 09,Size,L,,,,,32EE6A10-09-L,,,Antrim,,,,,0
mizuno-sideline-jacket-m-09,Mizuno - Sideline Jacket (m) - 09,Size,XL,,,,,32EE6A10-09-XL,,,Antrim,,,,,0
mizuno-sideline-jacket-m-09,Mizuno - Sideline Jacket (m) - 09,Size,XXL,,,,,32EE6A10-09-XXL,,,Antrim,,,,,0
mizuno-sideline-jacket-m-09,Mizuno - Sideline Jacket (m) - 09,Size,3XL,,,,,32EE6A10-09-3XL,,,Antrim,,,,,0
mizuno-sideline-jacket-m-09,Mizuno - Sideline Jacket (m) - 09,Size,4XL,,,,,32EE6A10-09-4XL,,,Antrim,,,,,8
mizuno-sapporo-hybrid-jkt-m-m-black,Mizuno - Sapporo Hybrid Jkt M(m) - Black,Size,S,,,,,32FE9A02-09-S,,,Antrim,,,,,20
mizuno-sapporo-hybrid-jkt-m-m-black,Mizuno - Sapporo Hybrid Jkt M(m) - Black,Size,M,,,,,32FE9A02-09-M,,,Antrim,,,,,20
mizuno-sapporo-hybrid-jkt-m-m-black,Mizuno - Sapporo Hybrid Jkt M(m) - Black,Size,L,,,,,32FE9A02-09-L,,,Antrim,,,,,20
mizuno-sapporo-hybrid-jkt-m-m-black,Mizuno - Sapporo Hybrid Jkt M(m) - Black,Size,XL,,,,,32FE9A02-09-XL,,,Antrim,,,,,3
mizuno-sapporo-hybrid-jkt-m-m-black,Mizuno - Sapporo Hybrid Jkt M(m) - Black,Size,XXL,,,,,32FE9A02-09-XXL,,,Antrim,,,,,20
mizuno-sapporo-hybrid-jkt-m-m-black,Mizuno - Sapporo Hybrid Jkt M(m) - Black,Size,3XL,,,,,32FE9A02-09-3XL,,,Antrim,,,,,2
mizuno-sapporo-hybrid-jkt-m-m-black,Mizuno - Sapporo Hybrid Jkt M(m) - Black,Size,4XL,,,,,32FE9A02-09-4XL,,,Antrim,,,,,20
mizuno-sapporo-hybrid-jkt-m-m-black,Mizuno - Sapporo Hybrid Jkt M(m) - Black,Size,XS,,,,,32FE9A02-09-XS,,,Antrim,,,,,20
mizuno-sapporo-hybrid-glt-m-m-black,Mizuno - Sapporo Hybrid Glt M(m) - Black,Size,S,,,,,32FE9A06-09-S,,,Antrim,,,,,20
mizuno-sapporo-hybrid-glt-m-m-black,Mizuno - Sapporo Hybrid Glt M(m) - Black,Size,M,,,,,32FE9A06-09-M,,,Antrim,,,,,20
mizuno-sapporo-hybrid-glt-m-m-black,Mizuno - Sapporo Hybrid Glt M(m) - Black,Size,L,,,,,32FE9A06-09-L,,,Antrim,,,,,20
mizuno-sapporo-hybrid-glt-m-m-black,Mizuno - Sapporo Hybrid Glt M(m) - Black,Size,XL,,,,,32FE9A06-09-XL,,,Antrim,,,,,20
mizuno-sapporo-hybrid-glt-m-m-black,Mizuno - Sapporo Hybrid Glt M(m) - Black,Size,XXL,,,,,32FE9A06-09-XXL,,,Antrim,,,,,20
mizuno-sapporo-hybrid-glt-m-m-black,Mizuno - Sapporo Hybrid Glt M(m) - Black,Size,3XL,,,,,32FE9A06-09-3XL,,,Antrim,,,,,20
mizuno-sapporo-hybrid-glt-m-m-black,Mizuno - Sapporo Hybrid Glt M(m) - Black,Size,4XL,,,,,32FE9A06-09-4XL,,,Antrim,,,,,20
mizuno-sapporo-hybrid-glt-m-m-black,Mizuno - Sapporo Hybrid Glt M(m) - Black,Size,XS,,,,,32FE9A06-09-XS,,,Antrim,,,,,0
mizuno-mizuno-club-jacket-m-m-black,Mizuno - Mizuno Club Jacket M(m) - Black,Size,S,,,,,32FE9A07-09-S,,,Antrim,,,,,20
mizuno-mizuno-club-jacket-m-m-black,Mizuno - Mizuno Club Jacket M(m) - Black,Size,M,,,,,32FE9A07-09-M,,,Antrim,,,,,20
mizuno-mizuno-club-jacket-m-m-black,Mizuno - Mizuno Club Jacket M(m) - Black,Size,L,,,,,32FE9A07-09-L,,,Antrim,,,,,20
mizuno-mizuno-club-jacket-m-m-black,Mizuno - Mizuno Club Jacket M(m) - Black,Size,XL,,,,,32FE9A07-09-XL,,,Antrim,,,,,20
mizuno-mizuno-club-jacket-m-m-black,Mizuno - Mizuno Club Jacket M(m) - Black,Size,XXL,,,,,32FE9A07-09-XXL,,,Antrim,,,,,20
mizuno-mizuno-club-jacket-m-m-black,Mizuno - Mizuno Club Jacket M(m) - Black,Size,3XL,,,,,32FE9A07-09-3XL,,,Antrim,,,,,20
mizuno-mizuno-club-jacket-m-m-black,Mizuno - Mizuno Club Jacket M(m) - Black,Size,4XL,,,,,32FE9A07-09-4XL,,,Antrim,,,,,17
mizuno-sideline-jacket-m-m-black,Mizuno - Sideline Jacket M(m) - Black,Size,S,,,,,32EE2A10-09-S,,,Antrim,,,,,9
mizuno-sideline-jacket-m-m-black,Mizuno - Sideline Jacket M(m) - Black,Size,M,,,,,32EE2A10-09-M,,,Antrim,,,,,0
mizuno-sideline-jacket-m-m-black,Mizuno - Sideline Jacket M(m) - Black,Size,L,,,,,32EE2A10-09-L,,,Antrim,,,,,0
mizuno-sideline-jacket-m-m-black,Mizuno - Sideline Jacket M(m) - Black,Size,XL,,,,,32EE2A10-09-XL,,,Antrim,,,,,0
mizuno-sideline-jacket-m-m-black,Mizuno - Sideline Jacket M(m) - Black,Size,XXL,,,,,32EE2A10-09-XXL,,,Antrim,,,,,0
mizuno-sideline-jacket-m-m-black,Mizuno - Sideline Jacket M(m) - Black,Size,3XL,,,,,32EE2A10-09-3XL,,,Antrim,,,,,0
mizuno-sideline-jacket-m-m-black,Mizuno - Sideline Jacket M(m) - Black,Size,4XL,,,,,32EE2A10-09-4XL,,,Antrim,,,,,0
mizuno-uni-auth-rain-jacket-m-14,Mizuno - Uni Auth Rain Jacket(m) - 14,Size,XXS,,,,,U2EE7101-14-XXS,,,Antrim,,,,,0
mizuno-uni-auth-rain-jacket-m-14,Mizuno - Uni Auth Rain Jacket(m) - 14,Size,XS,,,,,U2EE7101-14-XS,,,Antrim,,,,,20
mizuno-uni-auth-rain-jacket-m-14,Mizuno - Uni Auth Rain Jacket(m) - 14,Size,S,,,,,U2EE7101-14-S,,,Antrim,,,,,20
mizuno-uni-auth-rain-jacket-m-14,Mizuno - Uni Auth Rain Jacket(m) - 14,Size,M,,,,,U2EE7101-14-M,,,Antrim,,,,,20
mizuno-uni-auth-rain-jacket-m-14,Mizuno - Uni Auth Rain Jacket(m) - 14,Size,L,,,,,U2EE7101-14-L,,,Antrim,,,,,20
mizuno-uni-auth-rain-jacket-m-14,Mizuno - Uni Auth Rain Jacket(m) - 14,Size,XL,,,,,U2EE7101-14-XL,,,Antrim,,,,,20
mizuno-uni-auth-rain-jacket-m-14,Mizuno - Uni Auth Rain Jacket(m) - 14,Size,XXL,,,,,U2EE7101-14-XXL,,,Antrim,,,,,19
mizuno-uni-auth-rain-jacket-m-14,Mizuno - Uni Auth Rain Jacket(m) - 14,Size,3XL,,,,,U2EE7101-14-3XL,,,Antrim,,,,,3
mizuno-men-auth-singlet-m-19,Mizuno - Men Auth Singlet(m) - 19,Size,4XL,,,,,U2EA7101-19-4XL,,,Antrim,,,,,0
mizuno-takeshi-gym-shorts-m-black,Mizuno - Takeshi Gym Shorts(m) - Black,Size,M,,,,,32EB4A01-09-M,,,Antrim,,,,,17
mizuno-takeshi-gym-shorts-m-black,Mizuno - Takeshi Gym Shorts(m) - Black,Size,L,,,,,32EB4A01-09-L,,,Antrim,,,,,20
mizuno-takeshi-gym-shorts-m-black,Mizuno - Takeshi Gym Shorts(m) - Black,Size,XL,,,,,32EB4A01-09-XL,,,Antrim,,,,,20
mizuno-takeshi-gym-shorts-m-black,Mizuno - Takeshi Gym Shorts(m) - Black,Size,XXL,,,,,32EB4A01-09-XXL,,,Antrim,,,,,20
mizuno-takeshi-gym-shorts-m-black,Mizuno - Takeshi Gym Shorts(m) - Black,Size,3XL,,,,,32EB4A01-09-3XL,,,Antrim,,,,,20
mizuno-takeshi-gym-shorts-m-black,Mizuno - Takeshi Gym Shorts(m) - Black,Size,S,,,,,32EB4A01-09-S,,,Antrim,,,,,20
mizuno-takeshi-gym-shorts-m-black,Mizuno - Takeshi Gym Shorts(m) - Black,Size,4XL,,,,,32EB4A01-09-4XL,,,Antrim,,,,,20
mizuno-takeshi-gym-shorts-m-black,Mizuno - Takeshi Gym Shorts(m) - Black,Size,XS,,,,,32EB4A01-09-XS,,,Antrim,,,,,20
mizuno-takeshi-gym-shorts-m-black,Mizuno - Takeshi Gym Shorts(m) - Black,Size,Y8,,,,,32EB4B01-09-Y8,,,Antrim,,,,,1
mizuno-takeshi-gym-shorts-m-black,Mizuno - Takeshi Gym Shorts(m) - Black,Size,Y10,,,,,32EB4B01-09-Y10,,,Antrim,,,,,15
mizuno-takeshi-gym-shorts-m-black,Mizuno - Takeshi Gym Shorts(m) - Black,Size,Y12,,,,,32EB4B01-09-Y12,,,Antrim,,,,,2
mizuno-takeshi-gym-shorts-m-black,Mizuno - Takeshi Gym Shorts(m) - Black,Size,YXS,,,,,32EB4B01-09-YXS,,,Antrim,,,,,20
mizuno-takeshi-gym-shorts-m-black,Mizuno - Takeshi Gym Shorts(m) - Black,Size,Y6,,,,,32EB4B01-09-Y6,,,Antrim,,,,,17
mizuno-authentic-r-short-m-m-white,Mizuno - Authentic R Short M(m) - White,Size,S,,,,,32EB8A11-01-S,,,Antrim,,,,,20
mizuno-authentic-r-short-m-m-white,Mizuno - Authentic R Short M(m) - White,Size,M,,,,,32EB8A11-01-M,,,Antrim,,,,,20
mizuno-authentic-r-short-m-m-white,Mizuno - Authentic R Short M(m) - White,Size,L,,,,,32EB8A11-01-L,,,Antrim,,,,,20
mizuno-authentic-r-short-m-m-white,Mizuno - Authentic R Short M(m) - White,Size,XL,,,,,32EB8A11-01-XL,,,Antrim,,,,,20
mizuno-authentic-r-short-m-m-white,Mizuno - Authentic R Short M(m) - White,Size,XXL,,,,,32EB8A11-01-XXL,,,Antrim,,,,,20
mizuno-authentic-r-short-m-m-white,Mizuno - Authentic R Short M(m) - White,Size,3XL,,,,,32EB8A11-01-3XL,,,Antrim,,,,,20
mizuno-authentic-r-short-m-m-white,Mizuno - Authentic R Short M(m) - White,Size,4XL,,,,,32EB8A11-01-4XL,,,Antrim,,,,,20
mizuno-authentic-r-short-m-m-navy,Mizuno - Authentic R Short M(m) - Navy,Size,S,,,,,32EB8A11-14-S,,,Antrim,,,,,20
mizuno-authentic-r-short-m-m-navy,Mizuno - Authentic R Short M(m) - Navy,Size,M,,,,,32EB8A11-14-M,,,Antrim,,,,,20
mizuno-authentic-r-short-m-m-navy,Mizuno - Authentic R Short M(m) - Navy,Size,L,,,,,32EB8A11-14-L,,,Antrim,,,,,20
mizuno-authentic-r-short-m-m-navy,Mizuno - Authentic R Short M(m) - Navy,Size,XL,,,,,32EB8A11-14-XL,,,Antrim,,,,,20
mizuno-authentic-r-short-m-m-navy,Mizuno - Authentic R Short M(m) - Navy,Size,XXL,,,,,32EB8A11-14-XXL,,,Antrim,,,,,20
mizuno-authentic-r-short-m-m-navy,Mizuno - Authentic R Short M(m) - Navy,Size,3XL,,,,,32EB8A11-14-3XL,,,Antrim,,,,,16
mizuno-authentic-r-short-m-m-navy,Mizuno - Authentic R Short M(m) - Navy,Size,4XL,,,,,32EB8A11-14-4XL,,,Antrim,,,,,20
mizuno-core-bermuda-m-m-black,Mizuno - Core Bermuda M(m) - Black,Size,S,,,,,32EB9635-09-S,,,Antrim,,,,,20
mizuno-core-bermuda-m-m-black,Mizuno - Core Bermuda M(m) - Black,Size,M,,,,,32EB9635-09-M,,,Antrim,,,,,20
mizuno-core-bermuda-m-m-black,Mizuno - Core Bermuda M(m) - Black,Size,L,,,,,32EB9635-09-L,,,Antrim,,,,,10
mizuno-core-bermuda-m-m-black,Mizuno - Core Bermuda M(m) - Black,Size,XL,,,,,32EB9635-09-XL,,,Antrim,,,,,17
mizuno-core-bermuda-m-m-black,Mizuno - Core Bermuda M(m) - Black,Size,XXL,,,,,32EB9635-09-XXL,,,Antrim,,,,,20
mizuno-training-short-m-09,Mizuno - Training Short (m) - 09,Size,XS,,,,,32EBA520-09-XS,,,Antrim,,,,,20
mizuno-training-short-m-09,Mizuno - Training Short (m) - 09,Size,S,,,,,32EBA520-09-S,,,Antrim,,,,,20
mizuno-training-short-m-09,Mizuno - Training Short (m) - 09,Size,M,,,,,32EBA520-09-M,,,Antrim,,,,,20
mizuno-training-short-m-09,Mizuno - Training Short (m) - 09,Size,L,,,,,32EBA520-09-L,,,Antrim,,,,,20
mizuno-training-short-m-09,Mizuno - Training Short (m) - 09,Size,XL,,,,,32EBA520-09-XL,,,Antrim,,,,,20
mizuno-training-short-m-09,Mizuno - Training Short (m) - 09,Size,XXL,,,,,32EBA520-09-XXL,,,Antrim,,,,,20
mizuno-training-short-m-09,Mizuno - Training Short (m) - 09,Size,3XL,,,,,32EBA520-09-3XL,,,Antrim,,,,,9
mizuno-training-short-m-09,Mizuno - Training Short (m) - 09,Size,4XL,,,,,32EBA520-09-4XL,,,Antrim,,,,,20
mizuno-shizuoka-ft-tee-m-m-grey,Mizuno - Shizuoka Ft Tee M(m) - Grey,Size,S,,,,,32EA8A05-05-S,,,Antrim,,,,,20
mizuno-shizuoka-ft-tee-m-m-grey,Mizuno - Shizuoka Ft Tee M(m) - Grey,Size,M,,,,,32EA8A05-05-M,,,Antrim,,,,,1
mizuno-shizuoka-ft-tee-m-m-grey,Mizuno - Shizuoka Ft Tee M(m) - Grey,Size,L,,,,,32EA8A05-05-L,,,Antrim,,,,,20
mizuno-shizuoka-ft-tee-m-m-grey,Mizuno - Shizuoka Ft Tee M(m) - Grey,Size,XL,,,,,32EA8A05-05-XL,,,Antrim,,,,,16
mizuno-shizuoka-ft-tee-m-m-grey,Mizuno - Shizuoka Ft Tee M(m) - Grey,Size,XXL,,,,,32EA8A05-05-XXL,,,Antrim,,,,,20
mizuno-shizuoka-ft-tee-m-m-grey,Mizuno - Shizuoka Ft Tee M(m) - Grey,Size,3XL,,,,,32EA8A05-05-3XL,,,Antrim,,,,,15
mizuno-shizuoka-ft-tee-m-m-grey,Mizuno - Shizuoka Ft Tee M(m) - Grey,Size,4XL,,,,,32EA8A05-05-4XL,,,Antrim,,,,,20
mizuno-shizuoka-ft-tee-m-m-navy,Mizuno - Shizuoka Ft Tee M(m) - Navy,Size,S,,,,,32EA8A05-14-S,,,Antrim,,,,,20
mizuno-shizuoka-ft-tee-m-m-navy,Mizuno - Shizuoka Ft Tee M(m) - Navy,Size,M,,,,,32EA8A05-14-M,,,Antrim,,,,,0
mizuno-shizuoka-ft-tee-m-m-navy,Mizuno - Shizuoka Ft Tee M(m) - Navy,Size,L,,,,,32EA8A05-14-L,,,Antrim,,,,,18
mizuno-shizuoka-ft-tee-m-m-navy,Mizuno - Shizuoka Ft Tee M(m) - Navy,Size,XL,,,,,32EA8A05-14-XL,,,Antrim,,,,,20
mizuno-shizuoka-ft-tee-m-m-navy,Mizuno - Shizuoka Ft Tee M(m) - Navy,Size,XXL,,,,,32EA8A05-14-XXL,,,Antrim,,,,,20
mizuno-shizuoka-ft-tee-m-m-navy,Mizuno - Shizuoka Ft Tee M(m) - Navy,Size,3XL,,,,,32EA8A05-14-3XL,,,Antrim,,,,,20
mizuno-shizuoka-ft-tee-m-m-navy,Mizuno - Shizuoka Ft Tee M(m) - Navy,Size,4XL,,,,,32EA8A05-14-4XL,,,Antrim,,,,,19
mizuno-shizuoka-ft-polo-m-m-grey,Mizuno - Shizuoka Ft Polo M(m) - Grey,Size,S,,,,,32EA8A06-05-S,,,Antrim,,,,,20
mizuno-shizuoka-ft-polo-m-m-grey,Mizuno - Shizuoka Ft Polo M(m) - Grey,Size,M,,,,,32EA8A06-05-M,,,Antrim,,,,,20
mizuno-shizuoka-ft-polo-m-m-grey,Mizuno - Shizuoka Ft Polo M(m) - Grey,Size,L,,,,,32EA8A06-05-L,,,Antrim,,,,,20
mizuno-shizuoka-ft-polo-m-m-grey,Mizuno - Shizuoka Ft Polo M(m) - Grey,Size,XL,,,,,32EA8A06-05-XL,,,Antrim,,,,,20
mizuno-shizuoka-ft-polo-m-m-grey,Mizuno - Shizuoka Ft Polo M(m) - Grey,Size,XXL,,,,,32EA8A06-05-XXL,,,Antrim,,,,,20
mizuno-shizuoka-ft-polo-m-m-grey,Mizuno - Shizuoka Ft Polo M(m) - Grey,Size,3XL,,,,,32EA8A06-05-3XL,,,Antrim,,,,,20
mizuno-shizuoka-ft-polo-m-m-grey,Mizuno - Shizuoka Ft Polo M(m) - Grey,Size,4XL,,,,,32EA8A06-05-4XL,,,Antrim,,,,,20
mizuno-shizuoka-ft-polo-m-m-navy,Mizuno - Shizuoka Ft Polo M(m) - Navy,Size,S,,,,,32EA8A06-14-S,,,Antrim,,,,,20
mizuno-shizuoka-ft-polo-m-m-navy,Mizuno - Shizuoka Ft Polo M(m) - Navy,Size,M,,,,,32EA8A06-14-M,,,Antrim,,,,,20
mizuno-shizuoka-ft-polo-m-m-navy,Mizuno - Shizuoka Ft Polo M(m) - Navy,Size,L,,,,,32EA8A06-14-L,,,Antrim,,,,,20
mizuno-shizuoka-ft-polo-m-m-navy,Mizuno - Shizuoka Ft Polo M(m) - Navy,Size,XL,,,,,32EA8A06-14-XL,,,Antrim,,,,,20
mizuno-shizuoka-ft-polo-m-m-navy,Mizuno - Shizuoka Ft Polo M(m) - Navy,Size,XXL,,,,,32EA8A06-14-XXL,,,Antrim,,,,,20
mizuno-shizuoka-ft-polo-m-m-navy,Mizuno - Shizuoka Ft Polo M(m) - Navy,Size,3XL,,,,,32EA8A06-14-3XL,,,Antrim,,,,,20
mizuno-shizuoka-ft-polo-m-m-navy,Mizuno - Shizuoka Ft Polo M(m) - Navy,Size,4XL,,,,,32EA8A06-14-4XL,,,Antrim,,,,,20
mizuno-men-core-polo-m-14,Mizuno - Men Core Polo (m) - 14,Size,S,,,,,32EA7001-14-S,,,Antrim,,,,,20
mizuno-men-core-polo-m-14,Mizuno - Men Core Polo (m) - 14,Size,M,,,,,32EA7001-14-M,,,Antrim,,,,,0
mizuno-men-core-polo-m-14,Mizuno - Men Core Polo (m) - 14,Size,L,,,,,32EA7001-14-L,,,Antrim,,,,,7
mizuno-men-core-polo-m-14,Mizuno - Men Core Polo (m) - 14,Size,XL,,,,,32EA7001-14-XL,,,Antrim,,,,,19
mizuno-men-core-polo-m-14,Mizuno - Men Core Polo (m) - 14,Size,XXL,,,,,32EA7001-14-XXL,,,Antrim,,,,,20
mizuno-men-core-polo-m-14,Mizuno - Men Core Polo (m) - 14,Size,3XL,,,,,32EA7001-14-3XL,,,Antrim,,,,,20
mizuno-men-core-polo-m-14,Mizuno - Men Core Polo (m) - 14,Size,4XL,,,,,32EA7001-14-4XL,,,Antrim,,,,,17
mizuno-men-core-polo-m-14,Mizuno - Men Core Polo (m) - 14,Size,XS,,,,,32EA7201-14-XS,,,Antrim,,,,,20
mizuno-men-core-ss-tee-m-10,Mizuno - Men Core Ss Tee(m) - 10,Size,S,,,,,32EA7002-10-S,,,Antrim,,,,,0
mizuno-men-core-ss-tee-m-10,Mizuno - Men Core Ss Tee(m) - 10,Size,M,,,,,32EA7002-10-M,,,Antrim,,,,,1
mizuno-men-core-ss-tee-m-10,Mizuno - Men Core Ss Tee(m) - 10,Size,L,,,,,32EA7002-10-L,,,Antrim,,,,,20
mizuno-men-core-ss-tee-m-10,Mizuno - Men Core Ss Tee(m) - 10,Size,XL,,,,,32EA7002-10-XL,,,Antrim,,,,,20
mizuno-men-core-ss-tee-m-10,Mizuno - Men Core Ss Tee(m) - 10,Size,XXL,,,,,32EA7002-10-XXL,,,Antrim,,,,,20
mizuno-men-core-ss-tee-m-10,Mizuno - Men Core Ss Tee(m) - 10,Size,3XL,,,,,32EA7002-10-3XL,,,Antrim,,,,,20
mizuno-men-core-ss-tee-m-10,Mizuno - Men Core Ss Tee(m) - 10,Size,4XL,,,,,32EA7002-10-4XL,,,Antrim,,,,,9
mizuno-men-core-ss-tee-m-10,Mizuno - Men Core Ss Tee(m) - 10,Size,XS,,,,,32EA7202-10-XS,,,Antrim,,,,,20
mizuno-men-core-ss-tee-m-19,Mizuno - Men Core Ss Tee(m) - 19,Size,S,,,,,32EA7002-19-S,,,Antrim,,,,,20
mizuno-men-core-ss-tee-m-19,Mizuno - Men Core Ss Tee(m) - 19,Size,M,,,,,32EA7002-19-M,,,Antrim,,,,,20
mizuno-men-core-ss-tee-m-19,Mizuno - Men Core Ss Tee(m) - 19,Size,L,,,,,32EA7002-19-L,,,Antrim,,,,,20
mizuno-men-core-ss-tee-m-19,Mizuno - Men Core Ss Tee(m) - 19,Size,XL,,,,,32EA7002-19-XL,,,Antrim,,,,,20
mizuno-men-core-ss-tee-m-19,Mizuno - Men Core Ss Tee(m) - 19,Size,XXL,,,,,32EA7002-19-XXL,,,Antrim,,,,,20
mizuno-men-core-ss-tee-m-19,Mizuno - Men Core Ss Tee(m) - 19,Size,3XL,,,,,32EA7002-19-3XL,,,Antrim,,,,,20
mizuno-men-core-ss-tee-m-19,Mizuno - Men Core Ss Tee(m) - 19,Size,4XL,,,,,32EA7002-19-4XL,,,Antrim,,,,,20
mizuno-men-core-ss-tee-m-19,Mizuno - Men Core Ss Tee(m) - 19,Size,XS,,,,,32EA7202-19-XS,,,Antrim,,,,,20
mizuno-men-auth-singlet-m-14,Mizuno - Men Auth Singlet(m) - 14,Size,S,,,,,U2EA7101-14-S,,,Antrim,,,,,20
mizuno-men-auth-singlet-m-14,Mizuno - Men Auth Singlet(m) - 14,Size,M,,,,,U2EA7101-14-M,,,Antrim,,,,,20
mizuno-men-auth-singlet-m-14,Mizuno - Men Auth Singlet(m) - 14,Size,L,,,,,U2EA7101-14-L,,,Antrim,,,,,20
mizuno-men-auth-singlet-m-14,Mizuno - Men Auth Singlet(m) - 14,Size,XL,,,,,U2EA7101-14-XL,,,Antrim,,,,,20
mizuno-men-auth-singlet-m-14,Mizuno - Men Auth Singlet(m) - 14,Size,XXL,,,,,U2EA7101-14-XXL,,,Antrim,,,,,0
mizuno-men-auth-singlet-m-14,Mizuno - Men Auth Singlet(m) - 14,Size,3XL,,,,,U2EA7101-14-3XL,,,Antrim,,,,,0
mizuno-men-auth-singlet-m-14,Mizuno - Men Auth Singlet(m) - 14,Size,4XL,,,,,U2EA7101-14-4XL,,,Antrim,,,,,0
mizuno-men-auth-singlet-m-14,Mizuno - Men Auth Singlet(m) - 14,Size,XS,,,,,U2EA7301-14-XS,,,Antrim,,,,,20
mizuno-mizuno-training-tee-m-14,Mizuno - Mizuno Training Tee (m) - 14,Size,S,,,,,32EAB565-14-S,,,Antrim,,,,,20
mizuno-mizuno-training-tee-m-14,Mizuno - Mizuno Training Tee (m) - 14,Size,M,,,,,32EAB565-14-M,,,Antrim,,,,,20
mizuno-mizuno-training-tee-m-14,Mizuno - Mizuno Training Tee (m) - 14,Size,L,,,,,32EAB565-14-L,,,Antrim,,,,,13
mizuno-mizuno-training-tee-m-14,Mizuno - Mizuno Training Tee (m) - 14,Size,XL,,,,,32EAB565-14-XL,,,Antrim,,,,,0
mizuno-mizuno-training-tee-m-14,Mizuno - Mizuno Training Tee (m) - 14,Size,XXL,,,,,32EAB565-14-XXL,,,Antrim,,,,,0
mizuno-mizuno-training-tee-m-14,Mizuno - Mizuno Training Tee (m) - 14,Size,3XL,,,,,32EAB565-14-3XL,,,Antrim,,,,,0
mizuno-mizuno-training-tee-m-14,Mizuno - Mizuno Training Tee (m) - 14,Size,4XL,,,,,32EAB565-14-4XL,,,Antrim,,,,,20
mizuno-mizuno-training-tee-m-14,Mizuno - Mizuno Training Tee (m) - 14,Size,XS,,,,,32EAB565-14-XS,,,Antrim,,,,,20
mizuno-mizuno-training-tee-m-71,Mizuno - Mizuno Training Tee (m) - 71,Size,S,,,,,32EAB565-71-S,,,Antrim,,,,,20
mizuno-mizuno-training-tee-m-71,Mizuno - Mizuno Training Tee (m) - 71,Size,M,,,,,32EAB565-71-M,,,Antrim,,,,,20
mizuno-mizuno-training-tee-m-71,Mizuno - Mizuno Training Tee (m) - 71,Size,L,,,,,32EAB565-71-L,,,Antrim,,,,,20
mizuno-mizuno-training-tee-m-71,Mizuno - Mizuno Training Tee (m) - 71,Size,XL,,,,,32EAB565-71-XL,,,Antrim,,,,,20
mizuno-mizuno-training-tee-m-71,Mizuno - Mizuno Training Tee (m) - 71,Size,XXL,,,,,32EAB565-71-XXL,,,Antrim,,,,,20
mizuno-mizuno-training-tee-m-71,Mizuno - Mizuno Training Tee (m) - 71,Size,3XL,,,,,32EAB565-71-3XL,,,Antrim,,,,,20
mizuno-mizuno-training-tee-m-71,Mizuno - Mizuno Training Tee (m) - 71,Size,4XL,,,,,32EAB565-71-4XL,,,Antrim,,,,,20
mizuno-mizuno-training-tee-m-71,Mizuno - Mizuno Training Tee (m) - 71,Size,XS,,,,,32EAB565-71-XS,,,Antrim,,,,,0
mizuno-shizuoka-t-fleece-m-black,Mizuno - Shizuoka T Fleece (m) - Black,Size,XS,,,,,32EE8A01-09-XS,,,Antrim,,,,,0
mizuno-shizuoka-t-fleece-m-black,Mizuno - Shizuoka T Fleece (m) - Black,Size,S,,,,,32EE8A01-09-S,,,Antrim,,,,,20
mizuno-shizuoka-t-fleece-m-black,Mizuno - Shizuoka T Fleece (m) - Black,Size,M,,,,,32EE8A01-09-M,,,Antrim,,,,,0
mizuno-shizuoka-t-fleece-m-black,Mizuno - Shizuoka T Fleece (m) - Black,Size,L,,,,,32EE8A01-09-L,,,Antrim,,,,,0
mizuno-shizuoka-t-fleece-m-black,Mizuno - Shizuoka T Fleece (m) - Black,Size,XL,,,,,32EE8A01-09-XL,,,Antrim,,,,,20
mizuno-shizuoka-t-fleece-m-black,Mizuno - Shizuoka T Fleece (m) - Black,Size,XXL,,,,,32EE8A01-09-XXL,,,Antrim,,,,,20
mizuno-shizuoka-t-fleece-m-black,Mizuno - Shizuoka T Fleece (m) - Black,Size,3XL,,,,,32EE8A01-09-3XL,,,Antrim,,,,,20
mizuno-shizuoka-t-fleece-m-black,Mizuno - Shizuoka T Fleece (m) - Black,Size,4XL,,,,,32EE8A01-09-4XL,,,Antrim,,,,,20
mizuno-shizuoka-spls-top-m-m-black,Mizuno - Shizuoka Spls Top M(m) - Black,Size,S,,,,,32EC8A02-09-S,,,Antrim,,,,,20
mizuno-shizuoka-spls-top-m-m-black,Mizuno - Shizuoka Spls Top M(m) - Black,Size,M,,,,,32EC8A02-09-M,,,Antrim,,,,,13
mizuno-shizuoka-spls-top-m-m-black,Mizuno - Shizuoka Spls Top M(m) - Black,Size,L,,,,,32EC8A02-09-L,,,Antrim,,,,,16
mizuno-shizuoka-spls-top-m-m-black,Mizuno - Shizuoka Spls Top M(m) - Black,Size,XL,,,,,32EC8A02-09-XL,,,Antrim,,,,,20
mizuno-shizuoka-spls-top-m-m-black,Mizuno - Shizuoka Spls Top M(m) - Black,Size,XXL,,,,,32EC8A02-09-XXL,,,Antrim,,,,,20
mizuno-shizuoka-spls-top-m-m-black,Mizuno - Shizuoka Spls Top M(m) - Black,Size,3XL,,,,,32EC8A02-09-3XL,,,Antrim,,,,,20
mizuno-shizuoka-spls-top-m-m-black,Mizuno - Shizuoka Spls Top M(m) - Black,Size,4XL,,,,,32EC8A02-09-4XL,,,Antrim,,,,,20
mizuno-nara-trn-swt-m-m-09,Mizuno - Nara Trn Swt M(m) - 09,Size,S,,,,,32FC9A03-09-S,,,Antrim,,,,,20
mizuno-nara-trn-swt-m-m-09,Mizuno - Nara Trn Swt M(m) - 09,Size,M,,,,,32FC9A03-09-M,,,Antrim,,,,,20
mizuno-nara-trn-swt-m-m-09,Mizuno - Nara Trn Swt M(m) - 09,Size,L,,,,,32FC9A03-09-L,,,Antrim,,,,,20
mizuno-nara-trn-swt-m-m-09,Mizuno - Nara Trn Swt M(m) - 09,Size,XL,,,,,32FC9A03-09-XL,,,Antrim,,,,,20
mizuno-nara-trn-swt-m-m-09,Mizuno - Nara Trn Swt M(m) - 09,Size,XXL,,,,,32FC9A03-09-XXL,,,Antrim,,,,,20
mizuno-nara-trn-swt-m-m-09,Mizuno - Nara Trn Swt M(m) - 09,Size,3XL,,,,,32FC9A03-09-3XL,,,Antrim,,,,,20
mizuno-nara-trn-swt-m-m-09,Mizuno - Nara Trn Swt M(m) - 09,Size,4XL,,,,,32FC9A03-09-4XL,,,Antrim,,,,,4
mizuno-nara-trn-swt-m-m-09,Mizuno - Nara Trn Swt M(m) - 09,Size,XS,,,,,32FC9A03-09-XS,,,Antrim,,,,,0
mizuno-training-tech-fleece-m-09,Mizuno - Training Tech Fleece M - 09,Size,XS,,,,,32ECA505-09-XS,,,Antrim,,,,,0
mizuno-training-tech-fleece-m-09,Mizuno - Training Tech Fleece M - 09,Size,S,,,,,32ECA505-09-S,,,Antrim,,,,,20
mizuno-training-tech-fleece-m-09,Mizuno - Training Tech Fleece M - 09,Size,M,,,,,32ECA505-09-M,,,Antrim,,,,,20
mizuno-training-tech-fleece-m-09,Mizuno - Training Tech Fleece M - 09,Size,L,,,,,32ECA505-09-L,,,Antrim,,,,,20
mizuno-training-tech-fleece-m-09,Mizuno - Training Tech Fleece M - 09,Size,XL,,,,,32ECA505-09-XL,,,Antrim,,,,,20
mizuno-training-tech-fleece-m-09,Mizuno - Training Tech Fleece M - 09,Size,XXL,,,,,32ECA505-09-XXL,,,Antrim,,,,,20
mizuno-training-tech-fleece-m-09,Mizuno - Training Tech Fleece M - 09,Size,3XL,,,,,32ECA505-09-3XL,,,Antrim,,,,,20
mizuno-training-tech-fleece-m-09,Mizuno - Training Tech Fleece M - 09,Size,4XL,,,,,32ECA505-09-4XL,,,Antrim,,,,,9
mizuno-nara-track-pant-m-m-black,Mizuno - Nara Track Pant M(m) - Black,Size,S,,,,,32FD9A01-09-S,,,Antrim,,,,,20
mizuno-nara-track-pant-m-m-black,Mizuno - Nara Track Pant M(m) - Black,Size,M,,,,,32FD9A01-09-M,,,Antrim,,,,,20
mizuno-nara-track-pant-m-m-black,Mizuno - Nara Track Pant M(m) - Black,Size,L,,,,,32FD9A01-09-L,,,Antrim,,,,,20
mizuno-nara-track-pant-m-m-black,Mizuno - Nara Track Pant M(m) - Black,Size,XL,,,,,32FD9A01-09-XL,,,Antrim,,,,,20
mizuno-nara-track-pant-m-m-black,Mizuno - Nara Track Pant M(m) - Black,Size,XXL,,,,,32FD9A01-09-XXL,,,Antrim,,,,,20
mizuno-nara-track-pant-m-m-black,Mizuno - Nara Track Pant M(m) - Black,Size,3XL,,,,,32FD9A01-09-3XL,,,Antrim,,,,,20
mizuno-nara-track-pant-m-m-black,Mizuno - Nara Track Pant M(m) - Black,Size,4XL,,,,,32FD9A01-09-4XL,,,Antrim,,,,,20
mizuno-mizuno-ter-hoodie-w-w-grey-melange,Mizuno - Mizuno Ter Hoodie W(w) - Grey Melange,Size,XS,,,,,32EC9C60-07-XS,,,Antrim,,,,,0
mizuno-mizuno-ter-hoodie-w-w-grey-melange,Mizuno - Mizuno Ter Hoodie W(w) - Grey Melange,Size,S,,,,,32EC9C60-07-S,,,Antrim,,,,,0
mizuno-mizuno-ter-hoodie-w-w-grey-melange,Mizuno - Mizuno Ter Hoodie W(w) - Grey Melange,Size,M,,,,,32EC9C60-07-M,,,Antrim,,,,,0
mizuno-mizuno-ter-hoodie-w-w-grey-melange,Mizuno - Mizuno Ter Hoodie W(w) - Grey Melange,Size,L,,,,,32EC9C60-07-L,,,Antrim,,,,,0
mizuno-mizuno-ter-hoodie-w-w-grey-melange,Mizuno - Mizuno Ter Hoodie W(w) - Grey Melange,Size,XL,,,,,32EC9C60-07-XL,,,Antrim,,,,,17
mizuno-mizuno-ter-hoodie-w-w-grey-melange,Mizuno - Mizuno Ter Hoodie W(w) - Grey Melange,Size,XXL,,,,,32EC9C60-07-XXL,,,Antrim,,,,,15
mizuno-mizuno-ter-hoodie-w-w-grey-melange,Mizuno - Mizuno Ter Hoodie W(w) - Grey Melange,Size,3XL,,,,,32EC9C60-07-3XL,,,Antrim,,,,,0
mizuno-mizuno-ter-hoodie-w-w-navy,Mizuno - Mizuno Ter Hoodie W(w) - Navy,Size,XS,,,,,32EC9C60-14-XS,,,Antrim,,,,,0
mizuno-mizuno-ter-hoodie-w-w-navy,Mizuno - Mizuno Ter Hoodie W(w) - Navy,Size,S,,,,,32EC9C60-14-S,,,Antrim,,,,,0
mizuno-mizuno-ter-hoodie-w-w-navy,Mizuno - Mizuno Ter Hoodie W(w) - Navy,Size,M,,,,,32EC9C60-14-M,,,Antrim,,,,,0
mizuno-mizuno-ter-hoodie-w-w-navy,Mizuno - Mizuno Ter Hoodie W(w) - Navy,Size,L,,,,,32EC9C60-14-L,,,Antrim,,,,,0
mizuno-mizuno-ter-hoodie-w-w-navy,Mizuno - Mizuno Ter Hoodie W(w) - Navy,Size,XL,,,,,32EC9C60-14-XL,,,Antrim,,,,,0
mizuno-mizuno-ter-hoodie-w-w-navy,Mizuno - Mizuno Ter Hoodie W(w) - Navy,Size,XXL,,,,,32EC9C60-14-XXL,,,Antrim,,,,,0
mizuno-mizuno-ter-hoodie-w-w-navy,Mizuno - Mizuno Ter Hoodie W(w) - Navy,Size,3XL,,,,,32EC9C60-14-3XL,,,Antrim,,,,,0
mizuno-mizuno-ter-hoodie-w-w-black,Mizuno - Mizuno Ter Hoodie W(w) - Black,Size,XS,,,,,32EC9C60C-09-XS,,,Antrim,,,,,20
mizuno-mizuno-ter-hoodie-w-w-black,Mizuno - Mizuno Ter Hoodie W(w) - Black,Size,S,,,,,32EC9C60C-09-S,,,Antrim,,,,,20
mizuno-mizuno-ter-hoodie-w-w-black,Mizuno - Mizuno Ter Hoodie W(w) - Black,Size,M,,,,,32EC9C60C-09-M,,,Antrim,,,,,5
mizuno-mizuno-ter-hoodie-w-w-black,Mizuno - Mizuno Ter Hoodie W(w) - Black,Size,L,,,,,32EC9C60C-09-L,,,Antrim,,,,,8
mizuno-mizuno-ter-hoodie-w-w-black,Mizuno - Mizuno Ter Hoodie W(w) - Black,Size,XL,,,,,32EC9C60C-09-XL,,,Antrim,,,,,5
mizuno-mizuno-ter-hoodie-w-w-black,Mizuno - Mizuno Ter Hoodie W(w) - Black,Size,XXL,,,,,32EC9C60C-09-XXL,,,Antrim,,,,,11
mizuno-mizuno-ter-hoodie-w-w-black,Mizuno - Mizuno Ter Hoodie W(w) - Black,Size,3XL,,,,,32EC9C60C-09-3XL,,,Antrim,,,,,0
mizuno-chiba-hoodie-jk-w-w-09,Mizuno - Chiba Hoodie Jk W(w) - 09,Size,XS,,,,,32ECA760-09-XS,,,Antrim,,,,,20
mizuno-chiba-hoodie-jk-w-w-09,Mizuno - Chiba Hoodie Jk W(w) - 09,Size,S,,,,,32ECA760-09-S,,,Antrim,,,,,20
mizuno-chiba-hoodie-jk-w-w-09,Mizuno - Chiba Hoodie Jk W(w) - 09,Size,M,,,,,32ECA760-09-M,,,Antrim,,,,,20
mizuno-chiba-hoodie-jk-w-w-09,Mizuno - Chiba Hoodie Jk W(w) - 09,Size,L,,,,,32ECA760-09-L,,,Antrim,,,,,20
mizuno-chiba-hoodie-jk-w-w-09,Mizuno - Chiba Hoodie Jk W(w) - 09,Size,XL,,,,,32ECA760-09-XL,,,Antrim,,,,,20
mizuno-chiba-hoodie-jk-w-w-09,Mizuno - Chiba Hoodie Jk W(w) - 09,Size,XXL,,,,,32ECA760-09-XXL,,,Antrim,,,,,16
mizuno-chiba-hoodie-jk-w-w-09,Mizuno - Chiba Hoodie Jk W(w) - 09,Size,3XL,,,,,32ECA760-09-3XL,,,Antrim,,,,,0
mizuno-chiba-hoodie-jk-w-w-62,Mizuno - Chiba Hoodie Jk W(w) - 62,Size,XS,,,,,32ECA760-62-XS,,,Antrim,,,,,20
mizuno-chiba-hoodie-jk-w-w-62,Mizuno - Chiba Hoodie Jk W(w) - 62,Size,S,,,,,32ECA760-62-S,,,Antrim,,,,,20
mizuno-chiba-hoodie-jk-w-w-62,Mizuno - Chiba Hoodie Jk W(w) - 62,Size,M,,,,,32ECA760-62-M,,,Antrim,,,,,20
mizuno-chiba-hoodie-jk-w-w-62,Mizuno - Chiba Hoodie Jk W(w) - 62,Size,L,,,,,32ECA760-62-L,,,Antrim,,,,,20
mizuno-chiba-hoodie-jk-w-w-62,Mizuno - Chiba Hoodie Jk W(w) - 62,Size,XL,,,,,32ECA760-62-XL,,,Antrim,,,,,20
mizuno-chiba-hoodie-jk-w-w-62,Mizuno - Chiba Hoodie Jk W(w) - 62,Size,XXL,,,,,32ECA760-62-XXL,,,Antrim,,,,,20
mizuno-chiba-hoodie-jk-w-w-62,Mizuno - Chiba Hoodie Jk W(w) - 62,Size,3XL,,,,,32ECA760-62-3XL,,,Antrim,,,,,0
mizuno-wom-premium-short-w-14,Mizuno - Wom Premium Short(w) - 14,Size,XXS,,,,,U2EB7201-14-XXS,,,Antrim,,,,,0
mizuno-wom-premium-short-w-14,Mizuno - Wom Premium Short(w) - 14,Size,XS,,,,,U2EB7201-14-XS,,,Antrim,,,,,0
mizuno-wom-premium-short-w-14,Mizuno - Wom Premium Short(w) - 14,Size,S,,,,,U2EB7201-14-S,,,Antrim,,,,,0
mizuno-wom-premium-short-w-14,Mizuno - Wom Premium Short(w) - 14,Size,M,,,,,U2EB7201-14-M,,,Antrim,,,,,0
mizuno-wom-premium-short-w-14,Mizuno - Wom Premium Short(w) - 14,Size,L,,,,,U2EB7201-14-L,,,Antrim,,,,,0
mizuno-wom-premium-short-w-14,Mizuno - Wom Premium Short(w) - 14,Size,XL,,,,,U2EB7201-14-XL,,,Antrim,,,,,13
mizuno-wom-premium-short-w-14,Mizuno - Wom Premium Short(w) - 14,Size,XXL,,,,,U2EB7201-14-XXL,,,Antrim,,,,,0
mizuno-wom-premium-short-w-14,Mizuno - Wom Premium Short(w) - 14,Size,3XL,,,,,U2EB7201-14-3XL,,,Antrim,,,,,0
mizuno-authentic-skort-w-w-black,Mizuno - Authentic Skort W(w) - Black,Size,XS,,,,,32EB8C14-09-XS,,,Antrim,,,,,20
mizuno-authentic-skort-w-w-black,Mizuno - Authentic Skort W(w) - Black,Size,S,,,,,32EB8C14-09-S,,,Antrim,,,,,20
mizuno-authentic-skort-w-w-black,Mizuno - Authentic Skort W(w) - Black,Size,M,,,,,32EB8C14-09-M,,,Antrim,,,,,20
mizuno-authentic-skort-w-w-black,Mizuno - Authentic Skort W(w) - Black,Size,L,,,,,32EB8C14-09-L,,,Antrim,,,,,20
mizuno-authentic-skort-w-w-black,Mizuno - Authentic Skort W(w) - Black,Size,XL,,,,,32EB8C14-09-XL,,,Antrim,,,,,20
mizuno-authentic-skort-w-w-black,Mizuno - Authentic Skort W(w) - Black,Size,XXL,,,,,32EB8C14-09-XXL,,,Antrim,,,,,20
mizuno-authentic-skort-w-w-black,Mizuno - Authentic Skort W(w) - Black,Size,3XL,,,,,32EB8C14-09-3XL,,,Antrim,,,,,20
mizuno-shizuoka-ft-tee-w-w-grey,Mizuno - Shizuoka Ft Tee W(w) - Grey,Size,XS,,,,,32EA8C05-05-XS,,,Antrim,,,,,20
mizuno-shizuoka-ft-tee-w-w-grey,Mizuno - Shizuoka Ft Tee W(w) - Grey,Size,S,,,,,32EA8C05-05-S,,,Antrim,,,,,20
mizuno-shizuoka-ft-tee-w-w-grey,Mizuno - Shizuoka Ft Tee W(w) - Grey,Size,M,,,,,32EA8C05-05-M,,,Antrim,,,,,20
mizuno-shizuoka-ft-tee-w-w-grey,Mizuno - Shizuoka Ft Tee W(w) - Grey,Size,L,,,,,32EA8C05-05-L,,,Antrim,,,,,12
mizuno-shizuoka-ft-tee-w-w-grey,Mizuno - Shizuoka Ft Tee W(w) - Grey,Size,XL,,,,,32EA8C05-05-XL,,,Antrim,,,,,20
mizuno-shizuoka-ft-tee-w-w-grey,Mizuno - Shizuoka Ft Tee W(w) - Grey,Size,XXL,,,,,32EA8C05-05-XXL,,,Antrim,,,,,20
mizuno-shizuoka-ft-tee-w-w-grey,Mizuno - Shizuoka Ft Tee W(w) - Grey,Size,3XL,,,,,32EA8C05-05-3XL,,,Antrim,,,,,0
mizuno-shizuoka-ft-tee-w-w-navy,Mizuno - Shizuoka Ft Tee W(w) - Navy,Size,XS,,,,,32EA8C05-14-XS,,,Antrim,,,,,20
mizuno-shizuoka-ft-tee-w-w-navy,Mizuno - Shizuoka Ft Tee W(w) - Navy,Size,S,,,,,32EA8C05-14-S,,,Antrim,,,,,20
mizuno-shizuoka-ft-tee-w-w-navy,Mizuno - Shizuoka Ft Tee W(w) - Navy,Size,M,,,,,32EA8C05-14-M,,,Antrim,,,,,10
mizuno-shizuoka-ft-tee-w-w-navy,Mizuno - Shizuoka Ft Tee W(w) - Navy,Size,L,,,,,32EA8C05-14-L,,,Antrim,,,,,20
mizuno-shizuoka-ft-tee-w-w-navy,Mizuno - Shizuoka Ft Tee W(w) - Navy,Size,XL,,,,,32EA8C05-14-XL,,,Antrim,,,,,0
mizuno-shizuoka-ft-tee-w-w-navy,Mizuno - Shizuoka Ft Tee W(w) - Navy,Size,XXL,,,,,32EA8C05-14-XXL,,,Antrim,,,,,13
mizuno-shizuoka-ft-tee-w-w-navy,Mizuno - Shizuoka Ft Tee W(w) - Navy,Size,3XL,,,,,32EA8C05-14-3XL,,,Antrim,,,,,0
mizuno-shizuoka-ft-polo-w-w-grey,Mizuno - Shizuoka Ft Polo W(w) - Grey,Size,XS,,,,,32EA8C06-05-XS,,,Antrim,,,,,0
mizuno-shizuoka-ft-polo-w-w-grey,Mizuno - Shizuoka Ft Polo W(w) - Grey,Size,S,,,,,32EA8C06-05-S,,,Antrim,,,,,0
mizuno-shizuoka-ft-polo-w-w-grey,Mizuno - Shizuoka Ft Polo W(w) - Grey,Size,M,,,,,32EA8C06-05-M,,,Antrim,,,,,0
mizuno-shizuoka-ft-polo-w-w-grey,Mizuno - Shizuoka Ft Polo W(w) - Grey,Size,L,,,,,32EA8C06-05-L,,,Antrim,,,,,0
mizuno-shizuoka-ft-polo-w-w-grey,Mizuno - Shizuoka Ft Polo W(w) - Grey,Size,XL,,,,,32EA8C06-05-XL,,,Antrim,,,,,0
mizuno-shizuoka-ft-polo-w-w-grey,Mizuno - Shizuoka Ft Polo W(w) - Grey,Size,XXL,,,,,32EA8C06-05-XXL,,,Antrim,,,,,0
mizuno-shizuoka-ft-polo-w-w-grey,Mizuno - Shizuoka Ft Polo W(w) - Grey,Size,3XL,,,,,32EA8C06-05-3XL,,,Antrim,,,,,0
mizuno-shizuoka-ft-polo-w-w-navy,Mizuno - Shizuoka Ft Polo W(w) - Navy,Size,XS,,,,,32EA8C06-14-XS,,,Antrim,,,,,20
mizuno-shizuoka-ft-polo-w-w-navy,Mizuno - Shizuoka Ft Polo W(w) - Navy,Size,S,,,,,32EA8C06-14-S,,,Antrim,,,,,20
mizuno-shizuoka-ft-polo-w-w-navy,Mizuno - Shizuoka Ft Polo W(w) - Navy,Size,M,,,,,32EA8C06-14-M,,,Antrim,,,,,20
mizuno-shizuoka-ft-polo-w-w-navy,Mizuno - Shizuoka Ft Polo W(w) - Navy,Size,L,,,,,32EA8C06-14-L,,,Antrim,,,,,20
mizuno-shizuoka-ft-polo-w-w-navy,Mizuno - Shizuoka Ft Polo W(w) - Navy,Size,XL,,,,,32EA8C06-14-XL,,,Antrim,,,,,20
mizuno-shizuoka-ft-polo-w-w-navy,Mizuno - Shizuoka Ft Polo W(w) - Navy,Size,XXL,,,,,32EA8C06-14-XXL,,,Antrim,,,,,20
mizuno-shizuoka-ft-polo-w-w-navy,Mizuno - Shizuoka Ft Polo W(w) - Navy,Size,3XL,,,,,32EA8C06-14-3XL,,,Antrim,,,,,0
mizuno-auth-rain-jacket-w-w-14,Mizuno - Auth Rain Jacket W(w) - 14,Size,XS,,,,,32EEA710-14-XS,,,Antrim,,,,,20
mizuno-auth-rain-jacket-w-w-14,Mizuno - Auth Rain Jacket W(w) - 14,Size,S,,,,,32EEA710-14-S,,,Antrim,,,,,20
mizuno-auth-rain-jacket-w-w-14,Mizuno - Auth Rain Jacket W(w) - 14,Size,M,,,,,32EEA710-14-M,,,Antrim,,,,,20
mizuno-auth-rain-jacket-w-w-14,Mizuno - Auth Rain Jacket W(w) - 14,Size,L,,,,,32EEA710-14-L,,,Antrim,,,,,20
mizuno-auth-rain-jacket-w-w-14,Mizuno - Auth Rain Jacket W(w) - 14,Size,XL,,,,,32EEA710-14-XL,,,Antrim,,,,,19
mizuno-auth-rain-jacket-w-w-14,Mizuno - Auth Rain Jacket W(w) - 14,Size,XXL,,,,,32EEA710-14-XXL,,,Antrim,,,,,4
mizuno-nara-training-sweat-w-14,Mizuno - Nara Training Sweat W - 14,Size,XS,,,,,32ECA703-14-XS,,,Antrim,,,,,20
mizuno-nara-training-sweat-w-14,Mizuno - Nara Training Sweat W - 14,Size,S,,,,,32ECA703-14-S,,,Antrim,,,,,20
mizuno-nara-training-sweat-w-14,Mizuno - Nara Training Sweat W - 14,Size,M,,,,,32ECA703-14-M,,,Antrim,,,,,20
mizuno-nara-training-sweat-w-14,Mizuno - Nara Training Sweat W - 14,Size,L,,,,,32ECA703-14-L,,,Antrim,,,,,20
mizuno-nara-training-sweat-w-14,Mizuno - Nara Training Sweat W - 14,Size,XL,,,,,32ECA703-14-XL,,,Antrim,,,,,20
mizuno-nara-training-sweat-w-14,Mizuno - Nara Training Sweat W - 14,Size,XXL,,,,,32ECA703-14-XXL,,,Antrim,,,,,20
mizuno-shizuoka-tech-fleece-w-09,Mizuno - Shizuoka Tech Fleece (w) - 09,Size,XS,,,,,32ECA705-09-XS,,,Antrim,,,,,20
mizuno-shizuoka-tech-fleece-w-09,Mizuno - Shizuoka Tech Fleece (w) - 09,Size,S,,,,,32ECA705-09-S,,,Antrim,,,,,20
mizuno-shizuoka-tech-fleece-w-09,Mizuno - Shizuoka Tech Fleece (w) - 09,Size,M,,,,,32ECA705-09-M,,,Antrim,,,,,20
mizuno-shizuoka-tech-fleece-w-09,Mizuno - Shizuoka Tech Fleece (w) - 09,Size,L,,,,,32ECA705-09-L,,,Antrim,,,,,20
mizuno-shizuoka-tech-fleece-w-09,Mizuno - Shizuoka Tech Fleece (w) - 09,Size,XL,,,,,32ECA705-09-XL,,,Antrim,,,,,20
mizuno-shizuoka-tech-fleece-w-09,Mizuno - Shizuoka Tech Fleece (w) - 09,Size,XXL,,,,,32ECA705-09-XXL,,,Antrim,,,,,20
mizuno-shizuoka-tech-fleece-w-09,Mizuno - Shizuoka Tech Fleece (w) - 09,Size,3XL,,,,,32ECA705-09-3XL,,,Antrim,,,,,0
mizuno-shizuoka-t-pant-w-w-black,Mizuno - Shizuoka T Pant W(w) - Black,Size,XS,,,,,32ED8C01-09-XS,,,Antrim,,,,,2
mizuno-shizuoka-t-pant-w-w-black,Mizuno - Shizuoka T Pant W(w) - Black,Size,S,,,,,32ED8C01-09-S,,,Antrim,,,,,7
mizuno-shizuoka-t-pant-w-w-black,Mizuno - Shizuoka T Pant W(w) - Black,Size,M,,,,,32ED8C01-09-M,,,Antrim,,,,,17
mizuno-shizuoka-t-pant-w-w-black,Mizuno - Shizuoka T Pant W(w) - Black,Size,L,,,,,32ED8C01-09-L,,,Antrim,,,,,1
mizuno-shizuoka-t-pant-w-w-black,Mizuno - Shizuoka T Pant W(w) - Black,Size,XL,,,,,32ED8C01-09-XL,,,Antrim,,,,,8
mizuno-shizuoka-t-pant-w-w-black,Mizuno - Shizuoka T Pant W(w) - Black,Size,XXL,,,,,32ED8C01-09-XXL,,,Antrim,,,,,0
mizuno-shizuoka-t-pant-w-w-black,Mizuno - Shizuoka T Pant W(w) - Black,Size,3XL,,,,,32ED8C01-09-3XL,,,Antrim,,,,,0
mizuno-nara-track-pant-w-w-black,Mizuno - Nara Track Pant W(w) - Black,Size,XS,,,,,32EDA701-09-XS,,,Antrim,,,,,20
mizuno-nara-track-pant-w-w-black,Mizuno - Nara Track Pant W(w) - Black,Size,S,,,,,32EDA701-09-S,,,Antrim,,,,,20
mizuno-nara-track-pant-w-w-black,Mizuno - Nara Track Pant W(w) - Black,Size,M,,,,,32EDA701-09-M,,,Antrim,,,,,20
mizuno-nara-track-pant-w-w-black,Mizuno - Nara Track Pant W(w) - Black,Size,L,,,,,32EDA701-09-L,,,Antrim,,,,,20
mizuno-nara-track-pant-w-w-black,Mizuno - Nara Track Pant W(w) - Black,Size,XL,,,,,32EDA701-09-XL,,,Antrim,,,,,20
mizuno-nara-track-pant-w-w-black,Mizuno - Nara Track Pant W(w) - Black,Size,XXL,,,,,32EDA701-09-XXL,,,Antrim,,,,,20
mizuno-nara-track-pant-w-w-black,Mizuno - Nara Track Pant W(w) - Black,Size,3XL,,,,,32EDA701-09-3XL,,,Antrim,,,,,0
mizuno-shizuoka-ft-tee-jr-c-black,Mizuno - Shizuoka Ft Tee Jr(c) - Black,Size,Y6,,,,,32EA8B05-09-Y6,,,Antrim,,,,,0
mizuno-shizuoka-ft-tee-jr-c-black,Mizuno - Shizuoka Ft Tee Jr(c) - Black,Size,Y8,,,,,32EA8B05-09-Y8,,,Antrim,,,,,0
mizuno-shizuoka-ft-tee-jr-c-black,Mizuno - Shizuoka Ft Tee Jr(c) - Black,Size,Y10,,,,,32EA8B05-09-Y10,,,Antrim,,,,,0
mizuno-shizuoka-ft-tee-jr-c-black,Mizuno - Shizuoka Ft Tee Jr(c) - Black,Size,Y12,,,,,32EA8B05-09-Y12,,,Antrim,,,,,0
mizuno-shizuoka-ft-tee-jr-c-black,Mizuno - Shizuoka Ft Tee Jr(c) - Black,Size,YXS,,,,,32EA8B05-09-YXS,,,Antrim,,,,,0
mizuno-ryoko-stick-bag-u-black,Mizuno - Ryoko Stick Bag(u) - Black,Size,NS,,,,,33EY0W12-09-NS,,,Antrim,,,,,20
mizuno-ryoko-stick-backpack-u-black,Mizuno - Ryoko Stick Backpack(u) - Black,Size,NS,,,,,33EY0W13-09-NS,,,Antrim,,,,,6
mizuno-ryoko-stick-holdall-u-black,Mizuno - Ryoko Stick Holdall(u) - Black,Size,NS,,,,,33EY0W14-09-NS,,,Antrim,,,,,20
mizuno-back-pack-u-09,Mizuno - Back Pack(u) - 09,Size,NS,,,,,33EY7W93-09-NS,,,Antrim,,,,,20
mizuno-holdall-large-u-09,Mizuno - Holdall Large(u) - 09,Size,NS,,,,,33EY8W08-09-NS,,,Antrim,,,,,20
mizuno-holdall-medium-u-09,Mizuno - Holdall Medium(u) - 09,Size,NS,,,,,33EY8W09-09-NS,,,Antrim,,,,,20
mizuno-trolley-bag-u-navy,Mizuno - Trolley Bag(u) - Navy,Size,NS,,,,,33GD8016-14-NS,,,Antrim,,,,,13
mizuno-ryoko-backpack-u-09,Mizuno - Ryoko Backpack(u) - 09,Size,NS,,,,,33EY0W03-09-NS,,,Antrim,,,,,20
mizuno-authentic-bib-set-w-black,Mizuno - Authentic Bib Set(w) - Black,Size,NS,,,,,32EA8C12-09-NS,,,Antrim,,,,,0
mizuno-authentic-bib-set-w-royal-blue,Mizuno - Authentic Bib Set(w) - Royal Blue,Size,NS,,,,,32EA8C12-28-NS,,,Antrim,,,,,0
mizuno-japan-bib-rb-6-pack-m-09,Mizuno - Japan Bib Rb 6 Pack(m) - 09,Size,NS,,,,,P2EA9540-09-NS,,,Antrim,,,,,20
mizuno-zunari-team-cap-pack-of-6-white,Mizuno - Zunari Team Cap (pack Of 6) - White,Size,NS,,,,,32FW9A01-01-NS,,,Antrim,,,,,0
mizuno-zunari-team-cap-pack-of-6-navy,Mizuno - Zunari Team Cap (pack Of 6) - Navy,Size,NS,,,,,32FW9A01-14-NS,,,Antrim,,,,,20
mizuno-tatami-drylite-cap-pack-of-6-white,Mizuno - Tatami Drylite Cap (pack Of 6) - White,Size,NS,,,,,32FW9A02-01-NS,,,Antrim,,,,,20
mizuno-tatami-drylite-cap-pack-of-6-navy,Mizuno - Tatami Drylite Cap (pack Of 6) - Navy,Size,NS,,,,,32FW9A02-14-NS,,,Antrim,,,,,20
mizuno-tatami-drylite-visor-pack-of-6-white,Mizuno - Tatami Drylite Visor (pack Of 6) - White,Size,NS,,,,,32FW9A03-01-NS,,,Antrim,,,,,20
mizuno-tatami-drylite-visor-pack-of-6-navy,Mizuno - Tatami Drylite Visor (pack Of 6) - Navy,Size,NS,,,,,32FW9A03-14-NS,,,Antrim,,,,,12
mizuno-jingasa-bobble-hat-pack-of-6-black,Mizuno - Jingasa Bobble Hat (pack Of 6) - Black,Size,NS,,,,,32FW9A04-09-NS,,,Antrim,,,,,20
mizuno-mizuno-promo-snood-pack-of-6-black,Mizuno - Mizuno Promo Snood (pack Of 6) - Black,Size,NS,,,,,32FY9W02-09-NS,,,Antrim,,,,,20
mizuno-authentic-sp-sock-pk-u-pack-of-6-black,Mizuno - Authentic Sp Sock Pk (u) (pack Of 6) - Black,Size,S,,,,,R2EX9A01-09-S,,,Antrim,,,,,20
mizuno-authentic-sp-sock-pk-u-pack-of-6-black,Mizuno - Authentic Sp Sock Pk (u) (pack Of 6) - Black,Size,M,,,,,R2EX9A01-09-M,,,Antrim,,,,,3
mizuno-authentic-sp-sock-pk-u-pack-of-6-black,Mizuno - Authentic Sp Sock Pk (u) (pack Of 6) - Black,Size,L,,,,,R2EX9A01-09-L,,,Antrim,,,,,0
mizuno-authentic-sp-sock-pk-u-pack-of-6-black,Mizuno - Authentic Sp Sock Pk (u) (pack Of 6) - Black,Size,XL,,,,,R2EX9A01-09-XL,,,Antrim,,,,,5
mizuno-authentic-sp-sock-pk-u-pack-of-6-red,Mizuno - Authentic Sp Sock Pk (u) (pack Of 6) - Red,Size,S,,,,,R2EX9A01-62-S,,,Antrim,,,,,15
mizuno-authentic-sp-sock-pk-u-pack-of-6-red,Mizuno - Authentic Sp Sock Pk (u) (pack Of 6) - Red,Size,M,,,,,R2EX9A01-62-M,,,Antrim,,,,,20
mizuno-authentic-sp-sock-pk-u-pack-of-6-red,Mizuno - Authentic Sp Sock Pk (u) (pack Of 6) - Red,Size,L,,,,,R2EX9A01-62-L,,,Antrim,,,,,20
mizuno-authentic-sp-sock-pk-u-pack-of-6-red,Mizuno - Authentic Sp Sock Pk (u) (pack Of 6) - Red,Size,XL,,,,,R2EX9A01-62-XL,,,Antrim,,,,,20
mizuno-authentic-sp-sock-pk-u-white,Mizuno - Authentic Sp Sock Pk (u) - White,Size,S,,,,,R2EX9A01-01-S,,,Antrim,,,,,10
mizuno-authentic-sp-sock-pk-u-white,Mizuno - Authentic Sp Sock Pk (u) - White,Size,M,,,,,R2EX9A01-01-M,,,Antrim,,,,,15
mizuno-authentic-sp-sock-pk-u-white,Mizuno - Authentic Sp Sock Pk (u) - White,Size,L,,,,,R2EX9A01-01-L,,,Antrim,,,,,17
mizuno-authentic-sp-sock-pk-u-white,Mizuno - Authentic Sp Sock Pk (u) - White,Size,XL,,,,,R2EX9A01-01-XL,,,Antrim,,,,,16
mizuno-handball-socks-6pair-u-01,Mizuno - Handball Socks 6pair(u) - 01,Size,S,,,,,32EX0X01-01-S,,,Antrim,,,,,0
mizuno-handball-socks-6pair-u-01,Mizuno - Handball Socks 6pair(u) - 01,Size,M,,,,,32EX0X01-01-M,,,Antrim,,,,,20
mizuno-handball-socks-6pair-u-01,Mizuno - Handball Socks 6pair(u) - 01,Size,L,,,,,32EX0X01-01-L,,,Antrim,,,,,20
mizuno-handball-socks-6pair-u-01,Mizuno - Handball Socks 6pair(u) - 01,Size,XL,,,,,32EX0X01-01-XL,,,Antrim,,,,,20
mizuno-handball-socks-6pair-u-01,Mizuno - Handball Socks 6pair(u) - 01,Size,XXL,,,,,32EX0X01-01-XXL,,,Antrim,,,,,10
mizuno-handball-socks-6pair-u-15,Mizuno - Handball Socks 6pair(u) - 15,Size,S,,,,,32EX0X01-15-S,,,Antrim,,,,,0
mizuno-handball-socks-6pair-u-15,Mizuno - Handball Socks 6pair(u) - 15,Size,M,,,,,32EX0X01-15-M,,,Antrim,,,,,20
mizuno-handball-socks-6pair-u-15,Mizuno - Handball Socks 6pair(u) - 15,Size,L,,,,,32EX0X01-15-L,,,Antrim,,,,,20
mizuno-handball-socks-6pair-u-15,Mizuno - Handball Socks 6pair(u) - 15,Size,XL,,,,,32EX0X01-15-XL,,,Antrim,,,,,20
mizuno-handball-socks-6pair-u-15,Mizuno - Handball Socks 6pair(u) - 15,Size,XXL,,,,,32EX0X01-15-XXL,,,Antrim,,,,,9
