SKU,Location,On hand (new)
32ECA560-09-S,Main,20
32ECA560-09-M,Main,20
32ECA560-09-L,Main,20
32ECA560-09-XL,Main,20
32ECA560-09-XXL,Main,20
32ECA560-09-3XL,Main,9
32ECA560-09-4XL,Main,4
32ECA560-62-S,Main,20
32ECA560-62-M,Main,20
32ECA560-62-L,Main,20
32ECA560-62-XL,Main,20
32ECA560-62-XXL,Main,20
32ECA560-62-3XL,Main,20
32ECA560-62-4XL,Main,10
U2EE8501-09-XXS,Main,0
U2EE8501-09-XS,Main,0
U2EE8501-09-S,Main,0
U2EE8501-09-M,Main,0
U2EE8501-09-L,Main,0
U2EE8501-09-XL,Main,0
U2EE8501-09-XXL,Main,0
U2EE8501-09-3XL,Main,0
U2EE8501-09-4XL,Main,0
32EE4A23-09-4XL,Main,0
32EE4A23-09-XXS,Main,0
32EE4A23-09-XS,Main,0
32EE4A23-09-S,Main,0
32EE4A23-09-M,Main,0
32EE4A23-09-L,Main,0
32EE4A23-09-XL,Main,0
32EE4A23-09-XXL,Main,0
32EE4A23-09-3XL,Main,0
32EE6A10-09-S,Main,0
32EE6A10-09-M,Main,16
32EE6A10-09-L,Main,0
32EE6A10-09-XL,Main,0
32EE6A10-09-XXL,Main,0
32EE6A10-09-3XL,Main,0
32EE6A10-09-4XL,Main,8
32FE9A02-09-S,Main,20
32FE9A02-09-M,Main,20
32FE9A02-09-L,Main,20
32FE9A02-09-XL,Main,3
32FE9A02-09-XXL,Main,20
32FE9A02-09-3XL,Main,2
32FE9A02-09-4XL,Main,20
32FE9A02-09-XS,Main,20
32FE9A06-09-S,Main,20
32FE9A06-09-M,Main,20
32FE9A06-09-L,Main,20
32FE9A06-09-XL,Main,20
32FE9A06-09-XXL,Main,20
32FE9A06-09-3XL,Main,20
32FE9A06-09-4XL,Main,20
32FE9A06-09-XS,Main,0
32FE9A07-09-S,Main,20
32FE9A07-09-M,Main,20
32FE9A07-09-L,Main,20
32FE9A07-09-XL,Main,20
32FE9A07-09-XXL,Main,20
32FE9A07-09-3XL,Main,20
32FE9A07-09-4XL,Main,17
32EE2A10-09-S,Main,9
32EE2A10-09-M,Main,0
32EE2A10-09-L,Main,0
32EE2A10-09-XL,Main,0
32EE2A10-09-XXL,Main,0
32EE2A10-09-3XL,Main,0
32EE2A10-09-4XL,Main,0
U2EE7101-14-XXS,Main,0
U2EE7101-14-XS,Main,20
U2EE7101-14-S,Main,20
U2EE7101-14-M,Main,20
U2EE7101-14-L,Main,20
U2EE7101-14-XL,Main,20
U2EE7101-14-XXL,Main,19
U2EE7101-14-3XL,Main,3
U2EA7101-19-4XL,Main,0
32EB4A01-09-M,Main,17
32EB4A01-09-L,Main,20
32EB4A01-09-XL,Main,20
32EB4A01-09-XXL,Main,20
32EB4A01-09-3XL,Main,20
32EB4A01-09-S,Main,20
32EB4A01-09-4XL,Main,20
32EB4A01-09-XS,Main,20
32EB4B01-09-Y8,Main,1
32EB4B01-09-Y10,Main,15
32EB4B01-09-Y12,Main,2
32EB4B01-09-YXS,Main,20
32EB4B01-09-Y6,Main,17
32EB8A11-01-S,Main,20
32EB8A11-01-M,Main,20
32EB8A11-01-L,Main,20
32EB8A11-01-XL,Main,20
32EB8A11-01-XXL,Main,20
32EB8A11-01-3XL,Main,20
32EB8A11-01-4XL,Main,20
32EB8A11-14-S,Main,20
32EB8A11-14-M,Main,20
32EB8A11-14-L,Main,20
32EB8A11-14-XL,Main,20
32EB8A11-14-XXL,Main,20
32EB8A11-14-3XL,Main,16
32EB8A11-14-4XL,Main,20
32EB9635-09-S,Main,20
32EB9635-09-M,Main,20
32EB9635-09-L,Main,10
32EB9635-09-XL,Main,17
32EB9635-09-XXL,Main,20
32EBA520-09-XS,Main,20
32EBA520-09-S,Main,20
32EBA520-09-M,Main,20
32EBA520-09-L,Main,20
32EBA520-09-XL,Main,20
32EBA520-09-XXL,Main,20
32EBA520-09-3XL,Main,9
32EBA520-09-4XL,Main,20
32EA8A05-05-S,Main,20
32EA8A05-05-M,Main,1
32EA8A05-05-L,Main,20
32EA8A05-05-XL,Main,16
32EA8A05-05-XXL,Main,20
32EA8A05-05-3XL,Main,15
32EA8A05-05-4XL,Main,20
32EA8A05-14-S,Main,20
32EA8A05-14-M,Main,0
32EA8A05-14-L,Main,18
32EA8A05-14-XL,Main,20
32EA8A05-14-XXL,Main,20
32EA8A05-14-3XL,Main,20
32EA8A05-14-4XL,Main,19
32EA8A06-05-S,Main,20
32EA8A06-05-M,Main,20
32EA8A06-05-L,Main,20
32EA8A06-05-XL,Main,20
32EA8A06-05-XXL,Main,20
32EA8A06-05-3XL,Main,20
32EA8A06-05-4XL,Main,20
32EA8A06-14-S,Main,20
32EA8A06-14-M,Main,20
32EA8A06-14-L,Main,20
32EA8A06-14-XL,Main,20
32EA8A06-14-XXL,Main,20
32EA8A06-14-3XL,Main,20
32EA8A06-14-4XL,Main,20
32EA7001-14-S,Main,20
32EA7001-14-M,Main,0
32EA7001-14-L,Main,7
32EA7001-14-XL,Main,19
32EA7001-14-XXL,Main,20
32EA7001-14-3XL,Main,20
32EA7001-14-4XL,Main,17
32EA7201-14-XS,Main,20
32EA7002-10-S,Main,0
32EA7002-10-M,Main,1
32EA7002-10-L,Main,20
32EA7002-10-XL,Main,20
32EA7002-10-XXL,Main,20
32EA7002-10-3XL,Main,20
32EA7002-10-4XL,Main,9
32EA7202-10-XS,Main,20
32EA7002-19-S,Main,20
32EA7002-19-M,Main,20
32EA7002-19-L,Main,20
32EA7002-19-XL,Main,20
32EA7002-19-XXL,Main,20
32EA7002-19-3XL,Main,20
32EA7002-19-4XL,Main,20
32EA7202-19-XS,Main,20
U2EA7101-14-S,Main,20
U2EA7101-14-M,Main,20
U2EA7101-14-L,Main,20
U2EA7101-14-XL,Main,20
U2EA7101-14-XXL,Main,0
U2EA7101-14-3XL,Main,0
U2EA7101-14-4XL,Main,0
U2EA7301-14-XS,Main,20
32EAB565-14-S,Main,20
32EAB565-14-M,Main,20
32EAB565-14-L,Main,13
32EAB565-14-XL,Main,0
32EAB565-14-XXL,Main,0
32EAB565-14-3XL,Main,0
32EAB565-14-4XL,Main,20
32EAB565-14-XS,Main,20
32EAB565-71-S,Main,20
32EAB565-71-M,Main,20
32EAB565-71-L,Main,20
32EAB565-71-XL,Main,20
32EAB565-71-XXL,Main,20
32EAB565-71-3XL,Main,20
32EAB565-71-4XL,Main,20
32EAB565-71-XS,Main,0
32EE8A01-09-XS,Main,0
32EE8A01-09-S,Main,20
32EE8A01-09-M,Main,0
32EE8A01-09-L,Main,0
32EE8A01-09-XL,Main,20
32EE8A01-09-XXL,Main,20
32EE8A01-09-3XL,Main,20
32EE8A01-09-4XL,Main,20
32EC8A02-09-S,Main,20
32EC8A02-09-M,Main,13
32EC8A02-09-L,Main,16
32EC8A02-09-XL,Main,20
32EC8A02-09-XXL,Main,20
32EC8A02-09-3XL,Main,20
32EC8A02-09-4XL,Main,20
32FC9A03-09-S,Main,20
32FC9A03-09-M,Main,20
32FC9A03-09-L,Main,20
32FC9A03-09-XL,Main,20
32FC9A03-09-XXL,Main,20
32FC9A03-09-3XL,Main,20
32FC9A03-09-4XL,Main,4
32FC9A03-09-XS,Main,0
32ECA505-09-XS,Main,0
32ECA505-09-S,Main,20
32ECA505-09-M,Main,20
32ECA505-09-L,Main,20
32ECA505-09-XL,Main,20
32ECA505-09-XXL,Main,20
32ECA505-09-3XL,Main,20
32ECA505-09-4XL,Main,9
32FD9A01-09-S,Main,20
32FD9A01-09-M,Main,20
32FD9A01-09-L,Main,20
32FD9A01-09-XL,Main,20
32FD9A01-09-XXL,Main,20
32FD9A01-09-3XL,Main,20
32FD9A01-09-4XL,Main,20
32EC9C60-07-XS,Main,0
32EC9C60-07-S,Main,0
32EC9C60-07-M,Main,0
32EC9C60-07-L,Main,0
32EC9C60-07-XL,Main,17
32EC9C60-07-XXL,Main,15
32EC9C60-07-3XL,Main,0
32EC9C60-14-XS,Main,0
32EC9C60-14-S,Main,0
32EC9C60-14-M,Main,0
32EC9C60-14-L,Main,0
32EC9C60-14-XL,Main,0
32EC9C60-14-XXL,Main,0
32EC9C60-14-3XL,Main,0
32EC9C60C-09-XS,Main,20
32EC9C60C-09-S,Main,20
32EC9C60C-09-M,Main,5
32EC9C60C-09-L,Main,8
32EC9C60C-09-XL,Main,5
32EC9C60C-09-XXL,Main,11
32EC9C60C-09-3XL,Main,0
32ECA760-09-XS,Main,20
32ECA760-09-S,Main,20
32ECA760-09-M,Main,20
32ECA760-09-L,Main,20
32ECA760-09-XL,Main,20
32ECA760-09-XXL,Main,16
32ECA760-09-3XL,Main,0
32ECA760-62-XS,Main,20
32ECA760-62-S,Main,20
32ECA760-62-M,Main,20
32ECA760-62-L,Main,20
32ECA760-62-XL,Main,20
32ECA760-62-XXL,Main,20
32ECA760-62-3XL,Main,0
U2EB7201-14-XXS,Main,0
U2EB7201-14-XS,Main,0
U2EB7201-14-S,Main,0
U2EB7201-14-M,Main,0
U2EB7201-14-L,Main,0
U2EB7201-14-XL,Main,13
U2EB7201-14-XXL,Main,0
U2EB7201-14-3XL,Main,0
32EB8C14-09-XS,Main,20
32EB8C14-09-S,Main,20
32EB8C14-09-M,Main,20
32EB8C14-09-L,Main,20
32EB8C14-09-XL,Main,20
32EB8C14-09-XXL,Main,20
32EB8C14-09-3XL,Main,20
32EA8C05-05-XS,Main,20
32EA8C05-05-S,Main,20
32EA8C05-05-M,Main,20
32EA8C05-05-L,Main,12
32EA8C05-05-XL,Main,20
32EA8C05-05-XXL,Main,20
32EA8C05-05-3XL,Main,0
32EA8C05-14-XS,Main,20
32EA8C05-14-S,Main,20
32EA8C05-14-M,Main,10
32EA8C05-14-L,Main,20
32EA8C05-14-XL,Main,0
32EA8C05-14-XXL,Main,13
32EA8C05-14-3XL,Main,0
32EA8C06-05-XS,Main,0
32EA8C06-05-S,Main,0
32EA8C06-05-M,Main,0
32EA8C06-05-L,Main,0
32EA8C06-05-XL,Main,0
32EA8C06-05-XXL,Main,0
32EA8C06-05-3XL,Main,0
32EA8C06-14-XS,Main,20
32EA8C06-14-S,Main,20
32EA8C06-14-M,Main,20
32EA8C06-14-L,Main,20
32EA8C06-14-XL,Main,20
32EA8C06-14-XXL,Main,20
32EA8C06-14-3XL,Main,0
32EEA710-14-XS,Main,20
32EEA710-14-S,Main,20
32EEA710-14-M,Main,20
32EEA710-14-L,Main,20
32EEA710-14-XL,Main,19
32EEA710-14-XXL,Main,4
32ECA703-14-XS,Main,20
32ECA703-14-S,Main,20
32ECA703-14-M,Main,20
32ECA703-14-L,Main,20
32ECA703-14-XL,Main,20
32ECA703-14-XXL,Main,20
32ECA705-09-XS,Main,20
32ECA705-09-S,Main,20
32ECA705-09-M,Main,20
32ECA705-09-L,Main,20
32ECA705-09-XL,Main,20
32ECA705-09-XXL,Main,20
32ECA705-09-3XL,Main,0
32ED8C01-09-XS,Main,2
32ED8C01-09-S,Main,7
32ED8C01-09-M,Main,17
32ED8C01-09-L,Main,1
32ED8C01-09-XL,Main,8
32ED8C01-09-XXL,Main,0
32ED8C01-09-3XL,Main,0
32EDA701-09-XS,Main,20
32EDA701-09-S,Main,20
32EDA701-09-M,Main,20
32EDA701-09-L,Main,20
32EDA701-09-XL,Main,20
32EDA701-09-XXL,Main,20
32EDA701-09-3XL,Main,0
32EA8B05-09-Y6,Main,0
32EA8B05-09-Y8,Main,0
32EA8B05-09-Y10,Main,0
32EA8B05-09-Y12,Main,0
32EA8B05-09-YXS,Main,0
33EY0W12-09-NS,Main,20
33EY0W13-09-NS,Main,6
33EY0W14-09-NS,Main,20
33EY7W93-09-NS,Main,20
33EY8W08-09-NS,Main,20
33EY8W09-09-NS,Main,20
33GD8016-14-NS,Main,13
33EY0W03-09-NS,Main,20
32EA8C12-09-NS,Main,0
32EA8C12-28-NS,Main,0
P2EA9540-09-NS,Main,20
32FW9A01-01-NS,Main,0
32FW9A01-14-NS,Main,20
32FW9A02-01-NS,Main,20
32FW9A02-14-NS,Main,20
32FW9A03-01-NS,Main,20
32FW9A03-14-NS,Main,12
32FW9A04-09-NS,Main,20
32FY9W02-09-NS,Main,20
R2EX9A01-09-S,Main,20
R2EX9A01-09-M,Main,3
R2EX9A01-09-L,Main,0
R2EX9A01-09-XL,Main,5
R2EX9A01-62-S,Main,15
R2EX9A01-62-M,Main,20
R2EX9A01-62-L,Main,20
R2EX9A01-62-XL,Main,20
R2EX9A01-01-S,Main,10
R2EX9A01-01-M,Main,15
R2EX9A01-01-L,Main,17
R2EX9A01-01-XL,Main,16
32EX0X01-01-S,Main,0
32EX0X01-01-M,Main,20
32EX0X01-01-L,Main,20
32EX0X01-01-XL,Main,20
32EX0X01-01-XXL,Main,10
32EX0X01-15-S,Main,0
32EX0X01-15-M,Main,20
32EX0X01-15-L,Main,20
32EX0X01-15-XL,Main,20
32EX0X01-15-XXL,Main,9
