Handle,Option1 Value,Option2 Value,Option3 Value,SKU,Location,On hand (new)
32eca560-09,S,,,32ECA560-09-S,Antrim,20
32eca560-09,M,,,32ECA560-09-M,Antrim,20
32eca560-09,L,,,32ECA560-09-L,Antrim,20
32eca560-09,XL,,,32ECA560-09-XL,Antrim,20
32eca560-09,XXL,,,32ECA560-09-XXL,Antrim,20
32eca560-09,3XL,,,32ECA560-09-3XL,Antrim,9
32eca560-09,4XL,,,32ECA560-09-4XL,Antrim,4
32eca560-62,S,,,32ECA560-62-S,Antrim,20
32eca560-62,M,,,32ECA560-62-M,Antrim,20
32eca560-62,L,,,32ECA560-62-L,Antrim,20
32eca560-62,XL,,,32ECA560-62-XL,Antrim,20
32eca560-62,XXL,,,32ECA560-62-XXL,Antrim,20
32eca560-62,3XL,,,32ECA560-62-3XL,Antrim,20
32eca560-62,4XL,,,32ECA560-62-4XL,Antrim,10
u2ee8501-09,XXS,,,U2EE8501-09-XXS,Antrim,0
u2ee8501-09,XS,,,U2EE8501-09-XS,Antrim,0
u2ee8501-09,S,,,U2EE8501-09-S,Antrim,0
u2ee8501-09,M,,,U2EE8501-09-M,Antrim,0
u2ee8501-09,L,,,U2EE8501-09-L,Antrim,0
u2ee8501-09,XL,,,U2EE8501-09-XL,Antrim,0
u2ee8501-09,XXL,,,U2EE8501-09-XXL,Antrim,0
u2ee8501-09,3XL,,,U2EE8501-09-3XL,Antrim,0
u2ee8501-09,4XL,,,U2EE8501-09-4XL,Antrim,0
32ee4a23-09,4XL,,,32EE4A23-09-4XL,Antrim,0
32ee4a23-09,XXS,,,32EE4A23-09-XXS,Antrim,0
32ee4a23-09,XS,,,32EE4A23-09-XS,Antrim,0
32ee4a23-09,S,,,32EE4A23-09-S,Antrim,0
32ee4a23-09,M,,,32EE4A23-09-M,Antrim,0
32ee4a23-09,L,,,32EE4A23-09-L,Antrim,0
32ee4a23-09,XL,,,32EE4A23-09-XL,Antrim,0
32ee4a23-09,XXL,,,32EE4A23-09-XXL,Antrim,0
32ee4a23-09,3XL,,,32EE4A23-09-3XL,Antrim,0
32ee6a10-09,S,,,32EE6A10-09-S,Antrim,0
32ee6a10-09,M,,,32EE6A10-09-M,Antrim,16
32ee6a10-09,L,,,32EE6A10-09-L,Antrim,0
32ee6a10-09,XL,,,32EE6A10-09-XL,Antrim,0
32ee6a10-09,XXL,,,32EE6A10-09-XXL,Antrim,0
32ee6a10-09,3XL,,,32EE6A10-09-3XL,Antrim,0
32ee6a10-09,4XL,,,32EE6A10-09-4XL,Antrim,8
32fe9a02-09,S,,,32FE9A02-09-S,Antrim,20
32fe9a02-09,M,,,32FE9A02-09-M,Antrim,20
32fe9a02-09,L,,,32FE9A02-09-L,Antrim,20
32fe9a02-09,XL,,,32FE9A02-09-XL,Antrim,3
32fe9a02-09,XXL,,,32FE9A02-09-XXL,Antrim,20
32fe9a02-09,3XL,,,32FE9A02-09-3XL,Antrim,2
32fe9a02-09,4XL,,,32FE9A02-09-4XL,Antrim,20
32fe9a02-09,XS,,,32FE9A02-09-XS,Antrim,20
32fe9a06-09,S,,,32FE9A06-09-S,Antrim,20
32fe9a06-09,M,,,32FE9A06-09-M,Antrim,20
32fe9a06-09,L,,,32FE9A06-09-L,Antrim,20
32fe9a06-09,XL,,,32FE9A06-09-XL,Antrim,20
32fe9a06-09,XXL,,,32FE9A06-09-XXL,Antrim,20
32fe9a06-09,3XL,,,32FE9A06-09-3XL,Antrim,20
32fe9a06-09,4XL,,,32FE9A06-09-4XL,Antrim,20
32fe9a06-09,XS,,,32FE9A06-09-XS,Antrim,0
32fe9a07-09,S,,,32FE9A07-09-S,Antrim,20
32fe9a07-09,M,,,32FE9A07-09-M,Antrim,20
32fe9a07-09,L,,,32FE9A07-09-L,Antrim,20
32fe9a07-09,XL,,,32FE9A07-09-XL,Antrim,20
32fe9a07-09,XXL,,,32FE9A07-09-XXL,Antrim,20
32fe9a07-09,3XL,,,32FE9A07-09-3XL,Antrim,20
32fe9a07-09,4XL,,,32FE9A07-09-4XL,Antrim,17
32ee2a10-09,S,,,32EE2A10-09-S,Antrim,9
32ee2a10-09,M,,,32EE2A10-09-M,Antrim,0
32ee2a10-09,L,,,32EE2A10-09-L,Antrim,0
32ee2a10-09,XL,,,32EE2A10-09-XL,Antrim,0
32ee2a10-09,XXL,,,32EE2A10-09-XXL,Antrim,0
32ee2a10-09,3XL,,,32EE2A10-09-3XL,Antrim,0
32ee2a10-09,4XL,,,32EE2A10-09-4XL,Antrim,0
u2ee7101-14,XXS,,,U2EE7101-14-XXS,Antrim,0
u2ee7101-14,XS,,,U2EE7101-14-XS,Antrim,20
u2ee7101-14,S,,,U2EE7101-14-S,Antrim,20
u2ee7101-14,M,,,U2EE7101-14-M,Antrim,20
u2ee7101-14,L,,,U2EE7101-14-L,Antrim,20
u2ee7101-14,XL,,,U2EE7101-14-XL,Antrim,20
u2ee7101-14,XXL,,,U2EE7101-14-XXL,Antrim,19
u2ee7101-14,3XL,,,U2EE7101-14-3XL,Antrim,3
u2ea7101-19,4XL,,,U2EA7101-19-4XL,Antrim,0
32eb4a01-09,M,,,32EB4A01-09-M,Antrim,17
32eb4a01-09,L,,,32EB4A01-09-L,Antrim,20
32eb4a01-09,XL,,,32EB4A01-09-XL,Antrim,20
32eb4a01-09,XXL,,,32EB4A01-09-XXL,Antrim,20
32eb4a01-09,3XL,,,32EB4A01-09-3XL,Antrim,20
32eb4a01-09,S,,,32EB4A01-09-S,Antrim,20
32eb4a01-09,4XL,,,32EB4A01-09-4XL,Antrim,20
32eb4a01-09,XS,,,32EB4A01-09-XS,Antrim,20
32eb4b01-09,Y8,,,32EB4B01-09-Y8,Antrim,1
32eb4b01-09,Y10,,,32EB4B01-09-Y10,Antrim,15
32eb4b01-09,Y12,,,32EB4B01-09-Y12,Antrim,2
32eb4b01-09,YXS,,,32EB4B01-09-YXS,Antrim,20
32eb4b01-09,Y6,,,32EB4B01-09-Y6,Antrim,17
32eb8a11-01,S,,,32EB8A11-01-S,Antrim,20
32eb8a11-01,M,,,32EB8A11-01-M,Antrim,20
32eb8a11-01,L,,,32EB8A11-01-L,Antrim,20
32eb8a11-01,XL,,,32EB8A11-01-XL,Antrim,20
32eb8a11-01,XXL,,,32EB8A11-01-XXL,Antrim,20
32eb8a11-01,3XL,,,32EB8A11-01-3XL,Antrim,20
32eb8a11-01,4XL,,,32EB8A11-01-4XL,Antrim,20
32eb8a11-14,S,,,32EB8A11-14-S,Antrim,20
32eb8a11-14,M,,,32EB8A11-14-M,Antrim,20
32eb8a11-14,L,,,32EB8A11-14-L,Antrim,20
32eb8a11-14,XL,,,32EB8A11-14-XL,Antrim,20
32eb8a11-14,XXL,,,32EB8A11-14-XXL,Antrim,20
32eb8a11-14,3XL,,,32EB8A11-14-3XL,Antrim,16
32eb8a11-14,4XL,,,32EB8A11-14-4XL,Antrim,20
32eb9635-09,S,,,32EB9635-09-S,Antrim,20
32eb9635-09,M,,,32EB9635-09-M,Antrim,20
32eb9635-09,L,,,32EB9635-09-L,Antrim,10
32eb9635-09,XL,,,32EB9635-09-XL,Antrim,17
32eb9635-09,XXL,,,32EB9635-09-XXL,Antrim,20
32eba520-09,XS,,,32EBA520-09-XS,Antrim,20
32eba520-09,S,,,32EBA520-09-S,Antrim,20
32eba520-09,M,,,32EBA520-09-M,Antrim,20
32eba520-09,L,,,32EBA520-09-L,Antrim,20
32eba520-09,XL,,,32EBA520-09-XL,Antrim,20
32eba520-09,XXL,,,32EBA520-09-XXL,Antrim,20
32eba520-09,3XL,,,32EBA520-09-3XL,Antrim,9
32eba520-09,4XL,,,32EBA520-09-4XL,Antrim,20
32ea8a05-05,S,,,32EA8A05-05-S,Antrim,20
32ea8a05-05,M,,,32EA8A05-05-M,Antrim,1
32ea8a05-05,L,,,32EA8A05-05-L,Antrim,20
32ea8a05-05,XL,,,32EA8A05-05-XL,Antrim,16
32ea8a05-05,XXL,,,32EA8A05-05-XXL,Antrim,20
32ea8a05-05,3XL,,,32EA8A05-05-3XL,Antrim,15
32ea8a05-05,4XL,,,32EA8A05-05-4XL,Antrim,20
32ea8a05-14,S,,,32EA8A05-14-S,Antrim,20
32ea8a05-14,M,,,32EA8A05-14-M,Antrim,0
32ea8a05-14,L,,,32EA8A05-14-L,Antrim,18
32ea8a05-14,XL,,,32EA8A05-14-XL,Antrim,20
32ea8a05-14,XXL,,,32EA8A05-14-XXL,Antrim,20
32ea8a05-14,3XL,,,32EA8A05-14-3XL,Antrim,20
32ea8a05-14,4XL,,,32EA8A05-14-4XL,Antrim,19
32ea8a06-05,S,,,32EA8A06-05-S,Antrim,20
32ea8a06-05,M,,,32EA8A06-05-M,Antrim,20
32ea8a06-05,L,,,32EA8A06-05-L,Antrim,20
32ea8a06-05,XL,,,32EA8A06-05-XL,Antrim,20
32ea8a06-05,XXL,,,32EA8A06-05-XXL,Antrim,20
32ea8a06-05,3XL,,,32EA8A06-05-3XL,Antrim,20
32ea8a06-05,4XL,,,32EA8A06-05-4XL,Antrim,20
32ea8a06-14,S,,,32EA8A06-14-S,Antrim,20
32ea8a06-14,M,,,32EA8A06-14-M,Antrim,20
32ea8a06-14,L,,,32EA8A06-14-L,Antrim,20
32ea8a06-14,XL,,,32EA8A06-14-XL,Antrim,20
32ea8a06-14,XXL,,,32EA8A06-14-XXL,Antrim,20
32ea8a06-14,3XL,,,32EA8A06-14-3XL,Antrim,20
32ea8a06-14,4XL,,,32EA8A06-14-4XL,Antrim,20
32ea7001-14,S,,,32EA7001-14-S,Antrim,20
32ea7001-14,M,,,32EA7001-14-M,Antrim,0
32ea7001-14,L,,,32EA7001-14-L,Antrim,7
32ea7001-14,XL,,,32EA7001-14-XL,Antrim,19
32ea7001-14,XXL,,,32EA7001-14-XXL,Antrim,20
32ea7001-14,3XL,,,32EA7001-14-3XL,Antrim,20
32ea7001-14,4XL,,,32EA7001-14-4XL,Antrim,17
32ea7201-14,XS,,,32EA7201-14-XS,Antrim,20
32ea7002-10,S,,,32EA7002-10-S,Antrim,0
32ea7002-10,M,,,32EA7002-10-M,Antrim,1
32ea7002-10,L,,,32EA7002-10-L,Antrim,20
32ea7002-10,XL,,,32EA7002-10-XL,Antrim,20
32ea7002-10,XXL,,,32EA7002-10-XXL,Antrim,20
32ea7002-10,3XL,,,32EA7002-10-3XL,Antrim,20
32ea7002-10,4XL,,,32EA7002-10-4XL,Antrim,9
32ea7202-10,XS,,,32EA7202-10-XS,Antrim,20
32ea7002-19,S,,,32EA7002-19-S,Antrim,20
32ea7002-19,M,,,32EA7002-19-M,Antrim,20
32ea7002-19,L,,,32EA7002-19-L,Antrim,20
32ea7002-19,XL,,,32EA7002-19-XL,Antrim,20
32ea7002-19,XXL,,,32EA7002-19-XXL,Antrim,20
32ea7002-19,3XL,,,32EA7002-19-3XL,Antrim,20
32ea7002-19,4XL,,,32EA7002-19-4XL,Antrim,20
32ea7202-19,XS,,,32EA7202-19-XS,Antrim,20
u2ea7101-14,S,,,U2EA7101-14-S,Antrim,20
u2ea7101-14,M,,,U2EA7101-14-M,Antrim,20
u2ea7101-14,L,,,U2EA7101-14-L,Antrim,20
u2ea7101-14,XL,,,U2EA7101-14-XL,Antrim,20
u2ea7101-14,XXL,,,U2EA7101-14-XXL,Antrim,0
u2ea7101-14,3XL,,,U2EA7101-14-3XL,Antrim,0
u2ea7101-14,4XL,,,U2EA7101-14-4XL,Antrim,0
u2ea7301-14,XS,,,U2EA7301-14-XS,Antrim,20
32eab565-14,S,,,32EAB565-14-S,Antrim,20
32eab565-14,M,,,32EAB565-14-M,Antrim,20
32eab565-14,L,,,32EAB565-14-L,Antrim,13
32eab565-14,XL,,,32EAB565-14-XL,Antrim,0
32eab565-14,XXL,,,32EAB565-14-XXL,Antrim,0
32eab565-14,3XL,,,32EAB565-14-3XL,Antrim,0
32eab565-14,4XL,,,32EAB565-14-4XL,Antrim,20
32eab565-14,XS,,,32EAB565-14-XS,Antrim,20
32eab565-71,S,,,32EAB565-71-S,Antrim,20
32eab565-71,M,,,32EAB565-71-M,Antrim,20
32eab565-71,L,,,32EAB565-71-L,Antrim,20
32eab565-71,XL,,,32EAB565-71-XL,Antrim,20
32eab565-71,XXL,,,32EAB565-71-XXL,Antrim,20
32eab565-71,3XL,,,32EAB565-71-3XL,Antrim,20
32eab565-71,4XL,,,32EAB565-71-4XL,Antrim,20
32eab565-71,XS,,,32EAB565-71-XS,Antrim,0
32ee8a01-09,XS,,,32EE8A01-09-XS,Antrim,0
32ee8a01-09,S,,,32EE8A01-09-S,Antrim,20
32ee8a01-09,M,,,32EE8A01-09-M,Antrim,0
32ee8a01-09,L,,,32EE8A01-09-L,Antrim,0
32ee8a01-09,XL,,,32EE8A01-09-XL,Antrim,20
32ee8a01-09,XXL,,,32EE8A01-09-XXL,Antrim,20
32ee8a01-09,3XL,,,32EE8A01-09-3XL,Antrim,20
32ee8a01-09,4XL,,,32EE8A01-09-4XL,Antrim,20
32ec8a02-09,S,,,32EC8A02-09-S,Antrim,20
32ec8a02-09,M,,,32EC8A02-09-M,Antrim,13
32ec8a02-09,L,,,32EC8A02-09-L,Antrim,16
32ec8a02-09,XL,,,32EC8A02-09-XL,Antrim,20
32ec8a02-09,XXL,,,32EC8A02-09-XXL,Antrim,20
32ec8a02-09,3XL,,,32EC8A02-09-3XL,Antrim,20
32ec8a02-09,4XL,,,32EC8A02-09-4XL,Antrim,20
32fc9a03-09,S,,,32FC9A03-09-S,Antrim,20
32fc9a03-09,M,,,32FC9A03-09-M,Antrim,20
32fc9a03-09,L,,,32FC9A03-09-L,Antrim,20
32fc9a03-09,XL,,,32FC9A03-09-XL,Antrim,20
32fc9a03-09,XXL,,,32FC9A03-09-XXL,Antrim,20
32fc9a03-09,3XL,,,32FC9A03-09-3XL,Antrim,20
32fc9a03-09,4XL,,,32FC9A03-09-4XL,Antrim,4
32fc9a03-09,XS,,,32FC9A03-09-XS,Antrim,0
32eca505-09,XS,,,32ECA505-09-XS,Antrim,0
32eca505-09,S,,,32ECA505-09-S,Antrim,20
32eca505-09,M,,,32ECA505-09-M,Antrim,20
32eca505-09,L,,,32ECA505-09-L,Antrim,20
32eca505-09,XL,,,32ECA505-09-XL,Antrim,20
32eca505-09,XXL,,,32ECA505-09-XXL,Antrim,20
32eca505-09,3XL,,,32ECA505-09-3XL,Antrim,20
32eca505-09,4XL,,,32ECA505-09-4XL,Antrim,9
32fd9a01-09,S,,,32FD9A01-09-S,Antrim,20
32fd9a01-09,M,,,32FD9A01-09-M,Antrim,20
32fd9a01-09,L,,,32FD9A01-09-L,Antrim,20
32fd9a01-09,XL,,,32FD9A01-09-XL,Antrim,20
32fd9a01-09,XXL,,,32FD9A01-09-XXL,Antrim,20
32fd9a01-09,3XL,,,32FD9A01-09-3XL,Antrim,20
32fd9a01-09,4XL,,,32FD9A01-09-4XL,Antrim,20
32ec9c60-07,XS,,,32EC9C60-07-XS,Antrim,0
32ec9c60-07,S,,,32EC9C60-07-S,Antrim,0
32ec9c60-07,M,,,32EC9C60-07-M,Antrim,0
32ec9c60-07,L,,,32EC9C60-07-L,Antrim,0
32ec9c60-07,XL,,,32EC9C60-07-XL,Antrim,17
32ec9c60-07,XXL,,,32EC9C60-07-XXL,Antrim,15
32ec9c60-07,3XL,,,32EC9C60-07-3XL,Antrim,0
32ec9c60-14,XS,,,32EC9C60-14-XS,Antrim,0
32ec9c60-14,S,,,32EC9C60-14-S,Antrim,0
32ec9c60-14,M,,,32EC9C60-14-M,Antrim,0
32ec9c60-14,L,,,32EC9C60-14-L,Antrim,0
32ec9c60-14,XL,,,32EC9C60-14-XL,Antrim,0
32ec9c60-14,XXL,,,32EC9C60-14-XXL,Antrim,0
32ec9c60-14,3XL,,,32EC9C60-14-3XL,Antrim,0
32ec9c60c-09,XS,,,32EC9C60C-09-XS,Antrim,20
32ec9c60c-09,S,,,32EC9C60C-09-S,Antrim,20
32ec9c60c-09,M,,,32EC9C60C-09-M,Antrim,5
32ec9c60c-09,L,,,32EC9C60C-09-L,Antrim,8
32ec9c60c-09,XL,,,32EC9C60C-09-XL,Antrim,5
32ec9c60c-09,XXL,,,32EC9C60C-09-XXL,Antrim,11
32ec9c60c-09,3XL,,,32EC9C60C-09-3XL,Antrim,0
32eca760-09,XS,,,32ECA760-09-XS,Antrim,20
32eca760-09,S,,,32ECA760-09-S,Antrim,20
32eca760-09,M,,,32ECA760-09-M,Antrim,20
32eca760-09,L,,,32ECA760-09-L,Antrim,20
32eca760-09,XL,,,32ECA760-09-XL,Antrim,20
32eca760-09,XXL,,,32ECA760-09-XXL,Antrim,16
32eca760-09,3XL,,,32ECA760-09-3XL,Antrim,0
32eca760-62,XS,,,32ECA760-62-XS,Antrim,20
32eca760-62,S,,,32ECA760-62-S,Antrim,20
32eca760-62,M,,,32ECA760-62-M,Antrim,20
32eca760-62,L,,,32ECA760-62-L,Antrim,20
32eca760-62,XL,,,32ECA760-62-XL,Antrim,20
32eca760-62,XXL,,,32ECA760-62-XXL,Antrim,20
32eca760-62,3XL,,,32ECA760-62-3XL,Antrim,0
u2eb7201-14,XXS,,,U2EB7201-14-XXS,Antrim,0
u2eb7201-14,XS,,,U2EB7201-14-XS,Antrim,0
u2eb7201-14,S,,,U2EB7201-14-S,Antrim,0
u2eb7201-14,M,,,U2EB7201-14-M,Antrim,0
u2eb7201-14,L,,,U2EB7201-14-L,Antrim,0
u2eb7201-14,XL,,,U2EB7201-14-XL,Antrim,13
u2eb7201-14,XXL,,,U2EB7201-14-XXL,Antrim,0
u2eb7201-14,3XL,,,U2EB7201-14-3XL,Antrim,0
32eb8c14-09,XS,,,32EB8C14-09-XS,Antrim,20
32eb8c14-09,S,,,32EB8C14-09-S,Antrim,20
32eb8c14-09,M,,,32EB8C14-09-M,Antrim,20
32eb8c14-09,L,,,32EB8C14-09-L,Antrim,20
32eb8c14-09,XL,,,32EB8C14-09-XL,Antrim,20
32eb8c14-09,XXL,,,32EB8C14-09-XXL,Antrim,20
32eb8c14-09,3XL,,,32EB8C14-09-3XL,Antrim,20
32ea8c05-05,XS,,,32EA8C05-05-XS,Antrim,20
32ea8c05-05,S,,,32EA8C05-05-S,Antrim,20
32ea8c05-05,M,,,32EA8C05-05-M,Antrim,20
32ea8c05-05,L,,,32EA8C05-05-L,Antrim,12
32ea8c05-05,XL,,,32EA8C05-05-XL,Antrim,20
32ea8c05-05,XXL,,,32EA8C05-05-XXL,Antrim,20
32ea8c05-05,3XL,,,32EA8C05-05-3XL,Antrim,0
32ea8c05-14,XS,,,32EA8C05-14-XS,Antrim,20
32ea8c05-14,S,,,32EA8C05-14-S,Antrim,20
32ea8c05-14,M,,,32EA8C05-14-M,Antrim,10
32ea8c05-14,L,,,32EA8C05-14-L,Antrim,20
32ea8c05-14,XL,,,32EA8C05-14-XL,Antrim,0
32ea8c05-14,XXL,,,32EA8C05-14-XXL,Antrim,13
32ea8c05-14,3XL,,,32EA8C05-14-3XL,Antrim,0
32ea8c06-05,XS,,,32EA8C06-05-XS,Antrim,0
32ea8c06-05,S,,,32EA8C06-05-S,Antrim,0
32ea8c06-05,M,,,32EA8C06-05-M,Antrim,0
32ea8c06-05,L,,,32EA8C06-05-L,Antrim,0
32ea8c06-05,XL,,,32EA8C06-05-XL,Antrim,0
32ea8c06-05,XXL,,,32EA8C06-05-XXL,Antrim,0
32ea8c06-05,3XL,,,32EA8C06-05-3XL,Antrim,0
32ea8c06-14,XS,,,32EA8C06-14-XS,Antrim,20
32ea8c06-14,S,,,32EA8C06-14-S,Antrim,20
32ea8c06-14,M,,,32EA8C06-14-M,Antrim,20
32ea8c06-14,L,,,32EA8C06-14-L,Antrim,20
32ea8c06-14,XL,,,32EA8C06-14-XL,Antrim,20
32ea8c06-14,XXL,,,32EA8C06-14-XXL,Antrim,20
32ea8c06-14,3XL,,,32EA8C06-14-3XL,Antrim,0
32eea710-14,XS,,,32EEA710-14-XS,Antrim,20
32eea710-14,S,,,32EEA710-14-S,Antrim,20
32eea710-14,M,,,32EEA710-14-M,Antrim,20
32eea710-14,L,,,32EEA710-14-L,Antrim,20
32eea710-14,XL,,,32EEA710-14-XL,Antrim,19
32eea710-14,XXL,,,32EEA710-14-XXL,Antrim,4
32eca703-14,XS,,,32ECA703-14-XS,Antrim,20
32eca703-14,S,,,32ECA703-14-S,Antrim,20
32eca703-14,M,,,32ECA703-14-M,Antrim,20
32eca703-14,L,,,32ECA703-14-L,Antrim,20
32eca703-14,XL,,,32ECA703-14-XL,Antrim,20
32eca703-14,XXL,,,32ECA703-14-XXL,Antrim,20
32eca705-09,XS,,,32ECA705-09-XS,Antrim,20
32eca705-09,S,,,32ECA705-09-S,Antrim,20
32eca705-09,M,,,32ECA705-09-M,Antrim,20
32eca705-09,L,,,32ECA705-09-L,Antrim,20
32eca705-09,XL,,,32ECA705-09-XL,Antrim,20
32eca705-09,XXL,,,32ECA705-09-XXL,Antrim,20
32eca705-09,3XL,,,32ECA705-09-3XL,Antrim,0
32ed8c01-09,XS,,,32ED8C01-09-XS,Antrim,2
32ed8c01-09,S,,,32ED8C01-09-S,Antrim,7
32ed8c01-09,M,,,32ED8C01-09-M,Antrim,17
32ed8c01-09,L,,,32ED8C01-09-L,Antrim,1
32ed8c01-09,XL,,,32ED8C01-09-XL,Antrim,8
32ed8c01-09,XXL,,,32ED8C01-09-XXL,Antrim,0
32ed8c01-09,3XL,,,32ED8C01-09-3XL,Antrim,0
32eda701-09,XS,,,32EDA701-09-XS,Antrim,20
32eda701-09,S,,,32EDA701-09-S,Antrim,20
32eda701-09,M,,,32EDA701-09-M,Antrim,20
32eda701-09,L,,,32EDA701-09-L,Antrim,20
32eda701-09,XL,,,32EDA701-09-XL,Antrim,20
32eda701-09,XXL,,,32EDA701-09-XXL,Antrim,20
32eda701-09,3XL,,,32EDA701-09-3XL,Antrim,0
32ea8b05-09,Y6,,,32EA8B05-09-Y6,Antrim,0
32ea8b05-09,Y8,,,32EA8B05-09-Y8,Antrim,0
32ea8b05-09,Y10,,,32EA8B05-09-Y10,Antrim,0
32ea8b05-09,Y12,,,32EA8B05-09-Y12,Antrim,0
32ea8b05-09,YXS,,,32EA8B05-09-YXS,Antrim,0
33ey0w12-09,NS,,,33EY0W12-09-NS,Antrim,20
33ey0w13-09,NS,,,33EY0W13-09-NS,Antrim,6
33ey0w14-09,NS,,,33EY0W14-09-NS,Antrim,20
33ey7w93-09,NS,,,33EY7W93-09-NS,Antrim,20
33ey8w08-09,NS,,,33EY8W08-09-NS,Antrim,20
33ey8w09-09,NS,,,33EY8W09-09-NS,Antrim,20
33gd8016-14,NS,,,33GD8016-14-NS,Antrim,13
33ey0w03-09,NS,,,33EY0W03-09-NS,Antrim,20
32ea8c12-09,NS,,,32EA8C12-09-NS,Antrim,0
32ea8c12-28,NS,,,32EA8C12-28-NS,Antrim,0
p2ea9540-09,NS,,,P2EA9540-09-NS,Antrim,20
32fw9a01-01,NS,,,32FW9A01-01-NS,Antrim,0
32fw9a01-14,NS,,,32FW9A01-14-NS,Antrim,20
32fw9a02-01,NS,,,32FW9A02-01-NS,Antrim,20
32fw9a02-14,NS,,,32FW9A02-14-NS,Antrim,20
32fw9a03-01,NS,,,32FW9A03-01-NS,Antrim,20
32fw9a03-14,NS,,,32FW9A03-14-NS,Antrim,12
32fw9a04-09,NS,,,32FW9A04-09-NS,Antrim,20
32fy9w02-09,NS,,,32FY9W02-09-NS,Antrim,20
r2ex9a01-09,S,,,R2EX9A01-09-S,Antrim,20
r2ex9a01-09,M,,,R2EX9A01-09-M,Antrim,3
r2ex9a01-09,L,,,R2EX9A01-09-L,Antrim,0
r2ex9a01-09,XL,,,R2EX9A01-09-XL,Antrim,5
r2ex9a01-62,S,,,R2EX9A01-62-S,Antrim,15
r2ex9a01-62,M,,,R2EX9A01-62-M,Antrim,20
r2ex9a01-62,L,,,R2EX9A01-62-L,Antrim,20
r2ex9a01-62,XL,,,R2EX9A01-62-XL,Antrim,20
r2ex9a01-01,S,,,R2EX9A01-01-S,Antrim,10
r2ex9a01-01,M,,,R2EX9A01-01-M,Antrim,15
r2ex9a01-01,L,,,R2EX9A01-01-L,Antrim,17
r2ex9a01-01,XL,,,R2EX9A01-01-XL,Antrim,16
32ex0x01-01,S,,,32EX0X01-01-S,Antrim,0
32ex0x01-01,M,,,32EX0X01-01-M,Antrim,20
32ex0x01-01,L,,,32EX0X01-01-L,Antrim,20
32ex0x01-01,XL,,,32EX0X01-01-XL,Antrim,20
32ex0x01-01,XXL,,,32EX0X01-01-XXL,Antrim,10
32ex0x01-15,S,,,32EX0X01-15-S,Antrim,0
32ex0x01-15,M,,,32EX0X01-15-M,Antrim,20
32ex0x01-15,L,,,32EX0X01-15-L,Antrim,20
32ex0x01-15,XL,,,32EX0X01-15-XL,Antrim,20
32ex0x01-15,XXL,,,32EX0X01-15-XXL,Antrim,9
