Handle,Title,Body (HTML),Vendor,Product Category,Type,Tags,Published,Option1 Name,Option1 Value,Variant SKU,Variant Price,Variant Compare At Price,Variant Taxable,Status,Image Src,Image Position,Cost per item
mizuno-mizuno-terry-hoodie-m-grey-melange,Mizuno - Mizuno Terry Hoodie(m) - Grey Melange,,Mizuno,Apparel & Accessories,Teamwear,"mizuno-teamwear, style-32ec7b60, colour-07, color-grey-melange, vat-standard",FALSE,Size,XXS,32EC7B60-07-XXS,44,,TRUE,draft,https://www.mizunodirect.com/img_catalog/32EC7B6007.jpg,1,22
mizuno-mizuno-terry-hoodie-m-grey-melange,,,,,,,FALSE,Size,XS,32EC7B60-07-XS,44,,TRUE,draft,,,22
mizuno-mizuno-terry-hoodie-m-grey-melange,,,,,,,FALSE,Size,S,32EC7B60-07-S,44,,TRUE,draft,,,22
mizuno-mizuno-terry-hoodie-m-grey-melange,,,,,,,FALSE,Size,M,32EC7B60-07-M,44,,TRUE,draft,,,22
mizuno-mizuno-terry-hoodie-m-grey-melange,,,,,,,FALSE,Size,L,32EC7B60-07-L,44,,TRUE,draft,,,22
mizuno-mizuno-terry-hoodie-m-grey-melange,,,,,,,FALSE,Size,XL,32EC7B60-07-XL,44,,TRUE,draft,,,22
mizuno-mizuno-terry-hoodie-m-grey-melange,,,,,,,FALSE,Size,XXL,32EC7B60-07-XXL,44,,TRUE,draft,,,22
mizuno-mizuno-terry-hoodie-m-grey-melange,,,,,,,FALSE,Size,3XL,32EC7B60-07-3XL,44,,TRUE,draft,,,22
mizuno-mizuno-terry-hoodie-m-grey-melange,,,,,,,FALSE,Size,4XL,32EC7B60-07-4XL,44,,TRUE,draft,,,22
mizuno-mizuno-terry-hoodie-m-navy,Mizuno - Mizuno Terry Hoodie(m) - Navy,,Mizuno,Apparel & Accessories,Teamwear,"mizuno-teamwear, style-32ec7b60, colour-14, color-navy, vat-standard",FALSE,Size,XXS,32EC7B60-14-XXS,44,,TRUE,draft,https://www.mizunodirect.com/img_catalog/32EC7B6014.jpg,1,22
mizuno-mizuno-terry-hoodie-m-navy,,,,,,,FALSE,Size,XS,32EC7B60-14-XS,44,,TRUE,draft,,,22
mizuno-mizuno-terry-hoodie-m-navy,,,,,,,FALSE,Size,S,32EC7B60-14-S,44,,TRUE,draft,,,22
mizuno-mizuno-terry-hoodie-m-navy,,,,,,,FALSE,Size,M,32EC7B60-14-M,44,,TRUE,draft,,,22
mizuno-mizuno-terry-hoodie-m-navy,,,,,,,FALSE,Size,L,32EC7B60-14-L,44,,TRUE,draft,,,22
mizuno-mizuno-terry-hoodie-m-navy,,,,,,,FALSE,Size,XL,32EC7B60-14-XL,44,,TRUE,draft,,,22
mizuno-mizuno-terry-hoodie-m-navy,,,,,,,FALSE,Size,XXL,32EC7B60-14-XXL,44,,TRUE,draft,,,22
mizuno-mizuno-terry-hoodie-m-navy,,,,,,,FALSE,Size,3XL,32EC7B60-14-3XL,44,,TRUE,draft,,,22
mizuno-mizuno-terry-hoodie-m-navy,,,,,,,FALSE,Size,4XL,32EC7B60-14-4XL,44,,TRUE,draft,,,22
mizuno-mizuno-terry-hoodie-m-black,Mizuno - Mizuno Terry Hoodie(m) - Black,,Mizuno,Apparel & Accessories,Teamwear,"mizuno-teamwear, style-32ec7b60c, colour-09, color-black, vat-standard",FALSE,Size,XXS,32EC7B60C-09-XXS,44,,TRUE,draft,https://www.mizunodirect.com/img_catalog/32EC7B60C09.jpg,1,22
mizuno-mizuno-terry-hoodie-m-black,,,,,,,FALSE,Size,XS,32EC7B60C-09-XS,44,,TRUE,draft,,,22
mizuno-mizuno-terry-hoodie-m-black,,,,,,,FALSE,Size,S,32EC7B60C-09-S,44,,TRUE,draft,,,22
mizuno-mizuno-terry-hoodie-m-black,,,,,,,FALSE,Size,M,32EC7B60C-09-M,44,,TRUE,draft,,,22
mizuno-mizuno-terry-hoodie-m-black,,,,,,,FALSE,Size,L,32EC7B60C-09-L,44,,TRUE,draft,,,22
mizuno-mizuno-terry-hoodie-m-black,,,,,,,FALSE,Size,XL,32EC7B60C-09-XL,44,,TRUE,draft,,,22
mizuno-mizuno-terry-hoodie-m-black,,,,,,,FALSE,Size,XXL,32EC7B60C-09-XXL,44,,TRUE,draft,,,22
mizuno-mizuno-terry-hoodie-m-black,,,,,,,FALSE,Size,3XL,32EC7B60C-09-3XL,44,,TRUE,draft,,,22
mizuno-mizuno-terry-hoodie-m-black,,,,,,,FALSE,Size,4XL,32EC7B60C-09-4XL,44,,TRUE,draft,,,22
mizuno-chiba-hoodie-jk-m-m-09,Mizuno - Chiba Hoodie Jk M(m) - 09,,Mizuno,Apparel & Accessories,Teamwear,"mizuno-teamwear, style-32eca560, colour-09, vat-standard",FALSE,Size,S,32ECA560-09-S,44,,TRUE,draft,https://www.mizunodirect.com/img_catalog/32ECA56009.jpg,1,22
mizuno-chiba-hoodie-jk-m-m-09,,,,,,,FALSE,Size,M,32ECA560-09-M,44,,TRUE,draft,,,22
mizuno-chiba-hoodie-jk-m-m-09,,,,,,,FALSE,Size,L,32ECA560-09-L,44,,TRUE,draft,,,22
mizuno-chiba-hoodie-jk-m-m-09,,,,,,,FALSE,Size,XL,32ECA560-09-XL,44,,TRUE,draft,,,22
mizuno-chiba-hoodie-jk-m-m-09,,,,,,,FALSE,Size,XXL,32ECA560-09-XXL,44,,TRUE,draft,,,22
mizuno-chiba-hoodie-jk-m-m-09,,,,,,,FALSE,Size,3XL,32ECA560-09-3XL,44,,TRUE,draft,,,22
mizuno-chiba-hoodie-jk-m-m-09,,,,,,,FALSE,Size,4XL,32ECA560-09-4XL,44,,TRUE,draft,,,22
mizuno-chiba-hoodie-jk-m-m-62,Mizuno - Chiba Hoodie Jk M(m) - 62,,Mizuno,Apparel & Accessories,Teamwear,"mizuno-teamwear, style-32eca560, colour-62, vat-standard",FALSE,Size,S,32ECA560-62-S,44,,TRUE,draft,,1,22
mizuno-chiba-hoodie-jk-m-m-62,,,,,,,FALSE,Size,M,32ECA560-62-M,44,,TRUE,draft,,,22
mizuno-chiba-hoodie-jk-m-m-62,,,,,,,FALSE,Size,L,32ECA560-62-L,44,,TRUE,draft,,,22
mizuno-chiba-hoodie-jk-m-m-62,,,,,,,FALSE,Size,XL,32ECA560-62-XL,44,,TRUE,draft,,,22
mizuno-chiba-hoodie-jk-m-m-62,,,,,,,FALSE,Size,XXL,32ECA560-62-XXL,44,,TRUE,draft,,,22
mizuno-chiba-hoodie-jk-m-m-62,,,,,,,FALSE,Size,3XL,32ECA560-62-3XL,44,,TRUE,draft,,,22
mizuno-chiba-hoodie-jk-m-m-62,,,,,,,FALSE,Size,4XL,32ECA560-62-4XL,44,,TRUE,draft,,,22
mizuno-uni-osaka-wind-jkt-m-black,Mizuno - Uni Osaka Wind Jkt(m) - Black,,Mizuno,Apparel & Accessories,Teamwear,"mizuno-teamwear, style-u2ee8501, colour-09, color-black, vat-standard",FALSE,Size,XXS,U2EE8501-09-XXS,50,,TRUE,draft,https://www.mizunodirect.com/img_catalog/U2EE850109.jpg,1,25
mizuno-uni-osaka-wind-jkt-m-black,,,,,,,FALSE,Size,XS,U2EE8501-09-XS,50,,TRUE,draft,,,25
mizuno-uni-osaka-wind-jkt-m-black,,,,,,,FALSE,Size,S,U2EE8501-09-S,50,,TRUE,draft,,,25
mizuno-uni-osaka-wind-jkt-m-black,,,,,,,FALSE,Size,M,U2EE8501-09-M,50,,TRUE,draft,,,25
mizuno-uni-osaka-wind-jkt-m-black,,,,,,,FALSE,Size,L,U2EE8501-09-L,50,,TRUE,draft,,,25
mizuno-uni-osaka-wind-jkt-m-black,,,,,,,FALSE,Size,XL,U2EE8501-09-XL,50,,TRUE,draft,,,25
mizuno-uni-osaka-wind-jkt-m-black,,,,,,,FALSE,Size,XXL,U2EE8501-09-XXL,50,,TRUE,draft,,,25
mizuno-uni-osaka-wind-jkt-m-black,,,,,,,FALSE,Size,3XL,U2EE8501-09-3XL,50,,TRUE,draft,,,25
mizuno-uni-osaka-wind-jkt-m-black,,,,,,,FALSE,Size,4XL,U2EE8501-09-4XL,50,,TRUE,draft,,,25
mizuno-bench-jacket-u-black,Mizuno - Bench Jacket(u) - Black,,Mizuno,Apparel & Accessories,Teamwear,"mizuno-teamwear, style-32ee4a23, colour-09, color-black, vat-standard",FALSE,Size,4XL,32EE4A23-09-4XL,50,,TRUE,draft,https://www.mizunodirect.com/img_catalog/32EE4A2309.jpg,1,25
mizuno-bench-jacket-u-black,,,,,,,FALSE,Size,XXS,32EE4A23-09-XXS,50,,TRUE,draft,,,25
mizuno-bench-jacket-u-black,,,,,,,FALSE,Size,XS,32EE4A23-09-XS,50,,TRUE,draft,,,25
mizuno-bench-jacket-u-black,,,,,,,FALSE,Size,S,32EE4A23-09-S,50,,TRUE,draft,,,25
mizuno-bench-jacket-u-black,,,,,,,FALSE,Size,M,32EE4A23-09-M,50,,TRUE,draft,,,25
mizuno-bench-jacket-u-black,,,,,,,FALSE,Size,L,32EE4A23-09-L,50,,TRUE,draft,,,25
mizuno-bench-jacket-u-black,,,,,,,FALSE,Size,XL,32EE4A23-09-XL,50,,TRUE,draft,,,25
mizuno-bench-jacket-u-black,,,,,,,FALSE,Size,XXL,32EE4A23-09-XXL,50,,TRUE,draft,,,25
mizuno-bench-jacket-u-black,,,,,,,FALSE,Size,3XL,32EE4A23-09-3XL,50,,TRUE,draft,,,25
mizuno-sideline-jacket-m-09,Mizuno - Sideline Jacket (m) - 09,,Mizuno,Apparel & Accessories,Teamwear,"mizuno-teamwear, style-32ee6a10, colour-09, vat-standard",FALSE,Size,S,32EE6A10-09-S,50,,TRUE,draft,https://www.mizunodirect.com/img_catalog/32EE6A1009.jpg,1,25
mizuno-sideline-jacket-m-09,,,,,,,FALSE,Size,M,32EE6A10-09-M,50,,TRUE,draft,,,25
mizuno-sideline-jacket-m-09,,,,,,,FALSE,Size,L,32EE6A10-09-L,50,,TRUE,draft,,,25
mizuno-sideline-jacket-m-09,,,,,,,FALSE,Size,XL,32EE6A10-09-XL,50,,TRUE,draft,,,25
mizuno-sideline-jacket-m-09,,,,,,,FALSE,Size,XXL,32EE6A10-09-XXL,50,,TRUE,draft,,,25
mizuno-sideline-jacket-m-09,,,,,,,FALSE,Size,3XL,32EE6A10-09-3XL,50,,TRUE,draft,,,25
mizuno-sideline-jacket-m-09,,,,,,,FALSE,Size,4XL,32EE6A10-09-4XL,50,,TRUE,draft,,,25
mizuno-sapporo-hybrid-jkt-m-m-black,Mizuno - Sapporo Hybrid Jkt M(m) - Black,,Mizuno,Apparel & Accessories,Teamwear,"mizuno-teamwear, style-32fe9a02, colour-09, color-black, vat-standard",FALSE,Size,S,32FE9A02-09-S,50,,TRUE,draft,https://www.mizunodirect.com/img_catalog/32FE9A0209.jpg,1,25
mizuno-sapporo-hybrid-jkt-m-m-black,,,,,,,FALSE,Size,M,32FE9A02-09-M,50,,TRUE,draft,,,25
mizuno-sapporo-hybrid-jkt-m-m-black,,,,,,,FALSE,Size,L,32FE9A02-09-L,50,,TRUE,draft,,,25
mizuno-sapporo-hybrid-jkt-m-m-black,,,,,,,FALSE,Size,XL,32FE9A02-09-XL,50,,TRUE,draft,,,25
mizuno-sapporo-hybrid-jkt-m-m-black,,,,,,,FALSE,Size,XXL,32FE9A02-09-XXL,50,,TRUE,draft,,,25
mizuno-sapporo-hybrid-jkt-m-m-black,,,,,,,FALSE,Size,3XL,32FE9A02-09-3XL,50,,TRUE,draft,,,25
mizuno-sapporo-hybrid-jkt-m-m-black,,,,,,,FALSE,Size,4XL,32FE9A02-09-4XL,50,,TRUE,draft,,,25
mizuno-sapporo-hybrid-jkt-m-m-black,,,,,,,FALSE,Size,XS,32FE9A02-09-XS,50,,TRUE,draft,,,25
mizuno-sapporo-hybrid-glt-m-m-black,Mizuno - Sapporo Hybrid Glt M(m) - Black,,Mizuno,Apparel & Accessories,Teamwear,"mizuno-teamwear, style-32fe9a06, colour-09, color-black, vat-standard",FALSE,Size,S,32FE9A06-09-S,50,,TRUE,draft,https://www.mizunodirect.com/img_catalog/32FE9A0609.jpg,1,25
mizuno-sapporo-hybrid-glt-m-m-black,,,,,,,FALSE,Size,M,32FE9A06-09-M,50,,TRUE,draft,,,25
mizuno-sapporo-hybrid-glt-m-m-black,,,,,,,FALSE,Size,L,32FE9A06-09-L,50,,TRUE,draft,,,25
mizuno-sapporo-hybrid-glt-m-m-black,,,,,,,FALSE,Size,XL,32FE9A06-09-XL,50,,TRUE,draft,,,25
mizuno-sapporo-hybrid-glt-m-m-black,,,,,,,FALSE,Size,XXL,32FE9A06-09-XXL,50,,TRUE,draft,,,25
mizuno-sapporo-hybrid-glt-m-m-black,,,,,,,FALSE,Size,3XL,32FE9A06-09-3XL,50,,TRUE,draft,,,25
mizuno-sapporo-hybrid-glt-m-m-black,,,,,,,FALSE,Size,4XL,32FE9A06-09-4XL,50,,TRUE,draft,,,25
mizuno-sapporo-hybrid-glt-m-m-black,,,,,,,FALSE,Size,XS,32FE9A06-09-XS,50,,TRUE,draft,,,25
mizuno-mizuno-club-jacket-m-m-black,Mizuno - Mizuno Club Jacket M(m) - Black,,Mizuno,Apparel & Accessories,Teamwear,"mizuno-teamwear, style-32fe9a07, colour-09, color-black, vat-standard",FALSE,Size,S,32FE9A07-09-S,50,,TRUE,draft,https://www.mizunodirect.com/img_catalog/32FE9A0709.jpg,1,25
mizuno-mizuno-club-jacket-m-m-black,,,,,,,FALSE,Size,M,32FE9A07-09-M,50,,TRUE,draft,,,25
mizuno-mizuno-club-jacket-m-m-black,,,,,,,FALSE,Size,L,32FE9A07-09-L,50,,TRUE,draft,,,25
mizuno-mizuno-club-jacket-m-m-black,,,,,,,FALSE,Size,XL,32FE9A07-09-XL,50,,TRUE,draft,,,25
mizuno-mizuno-club-jacket-m-m-black,,,,,,,FALSE,Size,XXL,32FE9A07-09-XXL,50,,TRUE,draft,,,25
mizuno-mizuno-club-jacket-m-m-black,,,,,,,FALSE,Size,3XL,32FE9A07-09-3XL,50,,TRUE,draft,,,25
mizuno-mizuno-club-jacket-m-m-black,,,,,,,FALSE,Size,4XL,32FE9A07-09-4XL,50,,TRUE,draft,,,25
mizuno-sideline-jacket-m-m-black,Mizuno - Sideline Jacket M(m) - Black,,Mizuno,Apparel & Accessories,Teamwear,"mizuno-teamwear, style-32ee2a10, colour-09, color-black, vat-standard",FALSE,Size,S,32EE2A10-09-S,,,TRUE,draft,,1,
mizuno-sideline-jacket-m-m-black,,,,,,,FALSE,Size,M,32EE2A10-09-M,,,TRUE,draft,,,
mizuno-sideline-jacket-m-m-black,,,,,,,FALSE,Size,L,32EE2A10-09-L,,,TRUE,draft,,,
mizuno-sideline-jacket-m-m-black,,,,,,,FALSE,Size,XL,32EE2A10-09-XL,,,TRUE,draft,,,
mizuno-sideline-jacket-m-m-black,,,,,,,FALSE,Size,XXL,32EE2A10-09-XXL,,,TRUE,draft,,,
mizuno-sideline-jacket-m-m-black,,,,,,,FALSE,Size,3XL,32EE2A10-09-3XL,,,TRUE,draft,,,
mizuno-sideline-jacket-m-m-black,,,,,,,FALSE,Size,4XL,32EE2A10-09-4XL,,,TRUE,draft,,,
mizuno-sideline-jacket-m-m-09,Mizuno - Sideline Jacket M(m) - 09,,Mizuno,Apparel & Accessories,Teamwear,"mizuno-teamwear, style-32ee9a10, colour-09, vat-standard",FALSE,Size,S,32EE9A10-09-S,50,,TRUE,draft,https://www.mizunodirect.com/img_catalog/32EE9A1009.jpg,1,25
mizuno-sideline-jacket-m-m-09,,,,,,,FALSE,Size,M,32EE9A10-09-M,50,,TRUE,draft,,,25
mizuno-sideline-jacket-m-m-09,,,,,,,FALSE,Size,L,32EE9A10-09-L,50,,TRUE,draft,,,25
mizuno-sideline-jacket-m-m-09,,,,,,,FALSE,Size,XL,32EE9A10-09-XL,50,,TRUE,draft,,,25
mizuno-sideline-jacket-m-m-09,,,,,,,FALSE,Size,XXL,32EE9A10-09-XXL,50,,TRUE,draft,,,25
mizuno-sideline-jacket-m-m-09,,,,,,,FALSE,Size,3XL,32EE9A10-09-3XL,50,,TRUE,draft,,,25
mizuno-sideline-jacket-m-m-09,,,,,,,FALSE,Size,4XL,32EE9A10-09-4XL,50,,TRUE,draft,,,25
mizuno-uni-auth-rain-jacket-m-14,Mizuno - Uni Auth Rain Jacket(m) - 14,,Mizuno,Apparel & Accessories,Teamwear,"mizuno-teamwear, style-u2ee7101, colour-14, vat-standard",FALSE,Size,XXS,U2EE7101-14-XXS,50,,TRUE,draft,,1,25
mizuno-uni-auth-rain-jacket-m-14,,,,,,,FALSE,Size,XS,U2EE7101-14-XS,50,,TRUE,draft,,,25
mizuno-uni-auth-rain-jacket-m-14,,,,,,,FALSE,Size,S,U2EE7101-14-S,50,,TRUE,draft,,,25
mizuno-uni-auth-rain-jacket-m-14,,,,,,,FALSE,Size,M,U2EE7101-14-M,50,,TRUE,draft,,,25
mizuno-uni-auth-rain-jacket-m-14,,,,,,,FALSE,Size,L,U2EE7101-14-L,50,,TRUE,draft,,,25
mizuno-uni-auth-rain-jacket-m-14,,,,,,,FALSE,Size,XL,U2EE7101-14-XL,50,,TRUE,draft,,,25
mizuno-uni-auth-rain-jacket-m-14,,,,,,,FALSE,Size,XXL,U2EE7101-14-XXL,50,,TRUE,draft,,,25
mizuno-uni-auth-rain-jacket-m-14,,,,,,,FALSE,Size,3XL,U2EE7101-14-3XL,50,,TRUE,draft,,,25
mizuno-men-auth-singlet-m-19,Mizuno - Men Auth Singlet(m) - 19,,Mizuno,Apparel & Accessories,Teamwear,"mizuno-teamwear, style-u2ea7101, colour-19, vat-standard",FALSE,Size,4XL,U2EA7101-19-4XL,20,,TRUE,draft,https://www.mizunodirect.com/img_catalog/U2EA7101191.jpg,1,10
mizuno-takeshi-gym-shorts-m-black,Mizuno - Takeshi Gym Shorts(m) - Black,,Mizuno,Apparel & Accessories,Teamwear,"mizuno-teamwear, style-32eb4a01, colour-09, color-black, vat-standard",FALSE,Size,M,32EB4A01-09-M,28,,TRUE,draft,https://www.mizunodirect.com/img_catalog/32EB4A0109.jpg,1,14
mizuno-takeshi-gym-shorts-m-black,,,,,,,FALSE,Size,L,32EB4A01-09-L,28,,TRUE,draft,,,14
mizuno-takeshi-gym-shorts-m-black,,,,,,,FALSE,Size,XL,32EB4A01-09-XL,28,,TRUE,draft,,,14
mizuno-takeshi-gym-shorts-m-black,,,,,,,FALSE,Size,XXL,32EB4A01-09-XXL,28,,TRUE,draft,,,14
mizuno-takeshi-gym-shorts-m-black,,,,,,,FALSE,Size,3XL,32EB4A01-09-3XL,28,,TRUE,draft,,,14
mizuno-takeshi-gym-shorts-m-black,,,,,,,FALSE,Size,S,32EB4A01-09-S,28,,TRUE,draft,,,14
mizuno-takeshi-gym-shorts-m-black,,,,,,,FALSE,Size,4XL,32EB4A01-09-4XL,28,,TRUE,draft,,,14
mizuno-takeshi-gym-shorts-m-black,,,,,,,FALSE,Size,XS,32EB4A01-09-XS,28,,TRUE,draft,,,14
mizuno-authentic-r-short-m-m-white,Mizuno - Authentic R Short M(m) - White,,Mizuno,Apparel & Accessories,Teamwear,"mizuno-teamwear, style-32eb8a11, colour-01, color-white, vat-standard",FALSE,Size,S,32EB8A11-01-S,28,,TRUE,draft,https://www.mizunodirect.com/img_catalog/32EB8A1101.jpg,1,14
mizuno-authentic-r-short-m-m-white,,,,,,,FALSE,Size,M,32EB8A11-01-M,28,,TRUE,draft,,,14
mizuno-authentic-r-short-m-m-white,,,,,,,FALSE,Size,L,32EB8A11-01-L,28,,TRUE,draft,,,14
mizuno-authentic-r-short-m-m-white,,,,,,,FALSE,Size,XL,32EB8A11-01-XL,28,,TRUE,draft,,,14
mizuno-authentic-r-short-m-m-white,,,,,,,FALSE,Size,XXL,32EB8A11-01-XXL,28,,TRUE,draft,,,14
mizuno-authentic-r-short-m-m-white,,,,,,,FALSE,Size,3XL,32EB8A11-01-3XL,28,,TRUE,draft,,,14
mizuno-authentic-r-short-m-m-white,,,,,,,FALSE,Size,4XL,32EB8A11-01-4XL,28,,TRUE,draft,,,14
mizuno-authentic-r-short-m-m-navy,Mizuno - Authentic R Short M(m) - Navy,,Mizuno,Apparel & Accessories,Teamwear,"mizuno-teamwear, style-32eb8a11, colour-14, color-navy, vat-standard",FALSE,Size,S,32EB8A11-14-S,28,,TRUE,draft,https://www.mizunodirect.com/img_catalog/32EB8A1114.jpg,1,14
mizuno-authentic-r-short-m-m-navy,,,,,,,FALSE,Size,M,32EB8A11-14-M,28,,TRUE,draft,,,14
mizuno-authentic-r-short-m-m-navy,,,,,,,FALSE,Size,L,32EB8A11-14-L,28,,TRUE,draft,,,14
mizuno-authentic-r-short-m-m-navy,,,,,,,FALSE,Size,XL,32EB8A11-14-XL,28,,TRUE,draft,,,14
mizuno-authentic-r-short-m-m-navy,,,,,,,FALSE,Size,XXL,32EB8A11-14-XXL,28,,TRUE,draft,,,14
mizuno-authentic-r-short-m-m-navy,,,,,,,FALSE,Size,3XL,32EB8A11-14-3XL,28,,TRUE,draft,,,14
mizuno-authentic-r-short-m-m-navy,,,,,,,FALSE,Size,4XL,32EB8A11-14-4XL,28,,TRUE,draft,,,14
mizuno-core-bermuda-m-m-black,Mizuno - Core Bermuda M(m) - Black,,Mizuno,Apparel & Accessories,Teamwear,"mizuno-teamwear, style-32eb9635, colour-09, color-black, vat-standard",FALSE,Size,S,32EB9635-09-S,28,,TRUE,draft,https://www.mizunodirect.com/img_catalog/32EB963509.jpg,1,14
mizuno-core-bermuda-m-m-black,,,,,,,FALSE,Size,M,32EB9635-09-M,28,,TRUE,draft,,,14
mizuno-core-bermuda-m-m-black,,,,,,,FALSE,Size,L,32EB9635-09-L,28,,TRUE,draft,,,14
mizuno-core-bermuda-m-m-black,,,,,,,FALSE,Size,XL,32EB9635-09-XL,28,,TRUE,draft,,,14
mizuno-core-bermuda-m-m-black,,,,,,,FALSE,Size,XXL,32EB9635-09-XXL,28,,TRUE,draft,,,14
mizuno-takeshi-gym-shorts-m-01,Mizuno - Takeshi Gym Shorts(m) - 01,,Mizuno,Apparel & Accessories,Teamwear,"mizuno-teamwear, style-32eb4a03, colour-01, vat-standard",FALSE,Size,S,32EB4A03-01-S,28,,TRUE,draft,https://www.mizunodirect.com/img_catalog/32EB4A0301.jpg,1,14
mizuno-takeshi-gym-shorts-m-01,,,,,,,FALSE,Size,M,32EB4A03-01-M,28,,TRUE,draft,,,14
mizuno-takeshi-gym-shorts-m-01,,,,,,,FALSE,Size,L,32EB4A03-01-L,28,,TRUE,draft,,,14
mizuno-takeshi-gym-shorts-m-01,,,,,,,FALSE,Size,XL,32EB4A03-01-XL,28,,TRUE,draft,,,14
mizuno-takeshi-gym-shorts-m-01,,,,,,,FALSE,Size,XXL,32EB4A03-01-XXL,28,,TRUE,draft,,,14
mizuno-takeshi-gym-shorts-m-01,,,,,,,FALSE,Size,3XL,32EB4A03-01-3XL,28,,TRUE,draft,,,14
mizuno-takeshi-gym-shorts-m-black,Mizuno - Takeshi Gym Shorts(m) - Black,,Mizuno,Apparel & Accessories,Teamwear,"mizuno-teamwear, style-32eb1a05, colour-09, color-black, vat-standard",FALSE,Size,XS,32EB1A05-09-XS,28,,TRUE,draft,https://www.mizunodirect.com/img_catalog/32EB1A0509.jpg,1,14
mizuno-takeshi-gym-shorts-m-black,,,,,,,FALSE,Size,S,32EB1A05-09-S,28,,TRUE,draft,,,14
mizuno-takeshi-gym-shorts-m-black,,,,,,,FALSE,Size,M,32EB1A05-09-M,28,,TRUE,draft,,,14
mizuno-takeshi-gym-shorts-m-black,,,,,,,FALSE,Size,L,32EB1A05-09-L,28,,TRUE,draft,,,14
mizuno-takeshi-gym-shorts-m-black,,,,,,,FALSE,Size,XL,32EB1A05-09-XL,28,,TRUE,draft,,,14
mizuno-takeshi-gym-shorts-m-black,,,,,,,FALSE,Size,XXL,32EB1A05-09-XXL,28,,TRUE,draft,,,14
mizuno-takeshi-gym-shorts-m-black,,,,,,,FALSE,Size,3XL,32EB1A05-09-3XL,28,,TRUE,draft,,,14
mizuno-takeshi-gym-shorts-m-black,,,,,,,FALSE,Size,4XL,32EB1A05-09-4XL,28,,TRUE,draft,,,14
mizuno-takeshi-gym-shorts-m-01,Mizuno - Takeshi Gym Shorts(m) - 01,,Mizuno,Apparel & Accessories,Teamwear,"mizuno-teamwear, style-32eb1a06, colour-01, vat-standard",FALSE,Size,XS,32EB1A06-01-XS,,,TRUE,draft,https://www.mizunodirect.com/img_catalog/32EB4A0301.jpg,1,
mizuno-takeshi-gym-shorts-m-01,,,,,,,FALSE,Size,S,32EB1A06-01-S,,,TRUE,draft,,,
mizuno-takeshi-gym-shorts-m-01,,,,,,,FALSE,Size,M,32EB1A06-01-M,,,TRUE,draft,,,
mizuno-takeshi-gym-shorts-m-01,,,,,,,FALSE,Size,L,32EB1A06-01-L,,,TRUE,draft,,,
mizuno-takeshi-gym-shorts-m-01,,,,,,,FALSE,Size,XL,32EB1A06-01-XL,,,TRUE,draft,,,
mizuno-takeshi-gym-shorts-m-01,,,,,,,FALSE,Size,XXL,32EB1A06-01-XXL,,,TRUE,draft,,,
mizuno-takeshi-gym-shorts-m-01,,,,,,,FALSE,Size,3XL,32EB1A06-01-3XL,,,TRUE,draft,,,
mizuno-takeshi-gym-shorts-m-01,,,,,,,FALSE,Size,4XL,32EB1A06-01-4XL,,,TRUE,draft,,,
mizuno-training-short-m-09,Mizuno - Training Short (m) - 09,,Mizuno,Apparel & Accessories,Teamwear,"mizuno-teamwear, style-32eba520, colour-09, vat-standard",FALSE,Size,XS,32EBA520-09-XS,28,,TRUE,draft,https://www.mizunodirect.com/img_catalog/32EBA52009.jpg,1,14
mizuno-training-short-m-09,,,,,,,FALSE,Size,S,32EBA520-09-S,28,,TRUE,draft,,,14
mizuno-training-short-m-09,,,,,,,FALSE,Size,M,32EBA520-09-M,28,,TRUE,draft,,,14
mizuno-training-short-m-09,,,,,,,FALSE,Size,L,32EBA520-09-L,28,,TRUE,draft,,,14
mizuno-training-short-m-09,,,,,,,FALSE,Size,XL,32EBA520-09-XL,28,,TRUE,draft,,,14
mizuno-training-short-m-09,,,,,,,FALSE,Size,XXL,32EBA520-09-XXL,28,,TRUE,draft,,,14
mizuno-training-short-m-09,,,,,,,FALSE,Size,3XL,32EBA520-09-3XL,28,,TRUE,draft,,,14
mizuno-training-short-m-09,,,,,,,FALSE,Size,4XL,32EBA520-09-4XL,28,,TRUE,draft,,,14
mizuno-shizuoka-ft-tee-m-m-grey,Mizuno - Shizuoka Ft Tee M(m) - Grey,,Mizuno,Apparel & Accessories,Teamwear,"mizuno-teamwear, style-32ea8a05, colour-05, color-grey, vat-standard",FALSE,Size,S,32EA8A05-05-S,26,,TRUE,draft,https://www.mizunodirect.com/img_catalog/32EA8A0505.jpg,1,13
mizuno-shizuoka-ft-tee-m-m-grey,,,,,,,FALSE,Size,M,32EA8A05-05-M,26,,TRUE,draft,,,13
mizuno-shizuoka-ft-tee-m-m-grey,,,,,,,FALSE,Size,L,32EA8A05-05-L,26,,TRUE,draft,,,13
mizuno-shizuoka-ft-tee-m-m-grey,,,,,,,FALSE,Size,XL,32EA8A05-05-XL,26,,TRUE,draft,,,13
mizuno-shizuoka-ft-tee-m-m-grey,,,,,,,FALSE,Size,XXL,32EA8A05-05-XXL,26,,TRUE,draft,,,13
mizuno-shizuoka-ft-tee-m-m-grey,,,,,,,FALSE,Size,3XL,32EA8A05-05-3XL,26,,TRUE,draft,,,13
mizuno-shizuoka-ft-tee-m-m-grey,,,,,,,FALSE,Size,4XL,32EA8A05-05-4XL,26,,TRUE,draft,,,13
mizuno-shizuoka-ft-tee-m-m-navy,Mizuno - Shizuoka Ft Tee M(m) - Navy,,Mizuno,Apparel & Accessories,Teamwear,"mizuno-teamwear, style-32ea8a05, colour-14, color-navy, vat-standard",FALSE,Size,S,32EA8A05-14-S,26,,TRUE,draft,https://www.mizunodirect.com/img_catalog/32EA8A0514.jpg,1,13
mizuno-shizuoka-ft-tee-m-m-navy,,,,,,,FALSE,Size,M,32EA8A05-14-M,26,,TRUE,draft,,,13
mizuno-shizuoka-ft-tee-m-m-navy,,,,,,,FALSE,Size,L,32EA8A05-14-L,26,,TRUE,draft,,,13
mizuno-shizuoka-ft-tee-m-m-navy,,,,,,,FALSE,Size,XL,32EA8A05-14-XL,26,,TRUE,draft,,,13
mizuno-shizuoka-ft-tee-m-m-navy,,,,,,,FALSE,Size,XXL,32EA8A05-14-XXL,26,,TRUE,draft,,,13
mizuno-shizuoka-ft-tee-m-m-navy,,,,,,,FALSE,Size,3XL,32EA8A05-14-3XL,26,,TRUE,draft,,,13
mizuno-shizuoka-ft-tee-m-m-navy,,,,,,,FALSE,Size,4XL,32EA8A05-14-4XL,26,,TRUE,draft,,,13
mizuno-shizuoka-ft-polo-m-m-grey,Mizuno - Shizuoka Ft Polo M(m) - Grey,,Mizuno,Apparel & Accessories,Teamwear,"mizuno-teamwear, style-32ea8a06, colour-05, color-grey, vat-standard",FALSE,Size,S,32EA8A06-05-S,26,,TRUE,draft,https://www.mizunodirect.com/img_catalog/32EA8A0605.jpg,1,13
mizuno-shizuoka-ft-polo-m-m-grey,,,,,,,FALSE,Size,M,32EA8A06-05-M,26,,TRUE,draft,,,13
mizuno-shizuoka-ft-polo-m-m-grey,,,,,,,FALSE,Size,L,32EA8A06-05-L,26,,TRUE,draft,,,13
mizuno-shizuoka-ft-polo-m-m-grey,,,,,,,FALSE,Size,XL,32EA8A06-05-XL,26,,TRUE,draft,,,13
mizuno-shizuoka-ft-polo-m-m-grey,,,,,,,FALSE,Size,XXL,32EA8A06-05-XXL,26,,TRUE,draft,,,13
mizuno-shizuoka-ft-polo-m-m-grey,,,,,,,FALSE,Size,3XL,32EA8A06-05-3XL,26,,TRUE,draft,,,13
mizuno-shizuoka-ft-polo-m-m-grey,,,,,,,FALSE,Size,4XL,32EA8A06-05-4XL,26,,TRUE,draft,,,13
mizuno-shizuoka-ft-polo-m-m-navy,Mizuno - Shizuoka Ft Polo M(m) - Navy,,Mizuno,Apparel & Accessories,Teamwear,"mizuno-teamwear, style-32ea8a06, colour-14, color-navy, vat-standard",FALSE,Size,S,32EA8A06-14-S,26,,TRUE,draft,https://www.mizunodirect.com/img_catalog/32EA8A0614.jpg,1,13
mizuno-shizuoka-ft-polo-m-m-navy,,,,,,,FALSE,Size,M,32EA8A06-14-M,26,,TRUE,draft,,,13
mizuno-shizuoka-ft-polo-m-m-navy,,,,,,,FALSE,Size,L,32EA8A06-14-L,26,,TRUE,draft,,,13
mizuno-shizuoka-ft-polo-m-m-navy,,,,,,,FALSE,Size,XL,32EA8A06-14-XL,26,,TRUE,draft,,,13
mizuno-shizuoka-ft-polo-m-m-navy,,,,,,,FALSE,Size,XXL,32EA8A06-14-XXL,26,,TRUE,draft,,,13
mizuno-shizuoka-ft-polo-m-m-navy,,,,,,,FALSE,Size,3XL,32EA8A06-14-3XL,26,,TRUE,draft,,,13
mizuno-shizuoka-ft-polo-m-m-navy,,,,,,,FALSE,Size,4XL,32EA8A06-14-4XL,26,,TRUE,draft,,,13
mizuno-men-core-polo-m-14,Mizuno - Men Core Polo (m) - 14,,Mizuno,Apparel & Accessories,Teamwear,"mizuno-teamwear, style-32ea7001, colour-14, vat-standard",FALSE,Size,S,32EA7001-14-S,26,,TRUE,draft,https://www.mizunodirect.com/img_catalog/32EA7001141.jpg,1,13
mizuno-men-core-polo-m-14,,,,,,,FALSE,Size,M,32EA7001-14-M,26,,TRUE,draft,,,13
mizuno-men-core-polo-m-14,,,,,,,FALSE,Size,L,32EA7001-14-L,26,,TRUE,draft,,,13
mizuno-men-core-polo-m-14,,,,,,,FALSE,Size,XL,32EA7001-14-XL,26,,TRUE,draft,,,13
mizuno-men-core-polo-m-14,,,,,,,FALSE,Size,XXL,32EA7001-14-XXL,26,,TRUE,draft,,,13
mizuno-men-core-polo-m-14,,,,,,,FALSE,Size,3XL,32EA7001-14-3XL,26,,TRUE,draft,,,13
mizuno-men-core-polo-m-14,,,,,,,FALSE,Size,4XL,32EA7001-14-4XL,26,,TRUE,draft,,,13
mizuno-men-core-ss-tee-m-10,Mizuno - Men Core Ss Tee(m) - 10,,Mizuno,Apparel & Accessories,Teamwear,"mizuno-teamwear, style-32ea7002, colour-10, vat-standard",FALSE,Size,S,32EA7002-10-S,26,,TRUE,draft,https://www.mizunodirect.com/img_catalog/32EA7002101.jpg,1,13
mizuno-men-core-ss-tee-m-10,,,,,,,FALSE,Size,M,32EA7002-10-M,26,,TRUE,draft,,,13
mizuno-men-core-ss-tee-m-10,,,,,,,FALSE,Size,L,32EA7002-10-L,26,,TRUE,draft,,,13
mizuno-men-core-ss-tee-m-10,,,,,,,FALSE,Size,XL,32EA7002-10-XL,26,,TRUE,draft,,,13
mizuno-men-core-ss-tee-m-10,,,,,,,FALSE,Size,XXL,32EA7002-10-XXL,26,,TRUE,draft,,,13
mizuno-men-core-ss-tee-m-10,,,,,,,FALSE,Size,3XL,32EA7002-10-3XL,26,,TRUE,draft,,,13
mizuno-men-core-ss-tee-m-10,,,,,,,FALSE,Size,4XL,32EA7002-10-4XL,26,,TRUE,draft,,,13
mizuno-men-core-ss-tee-m-19,Mizuno - Men Core Ss Tee(m) - 19,,Mizuno,Apparel & Accessories,Teamwear,"mizuno-teamwear, style-32ea7002, colour-19, vat-standard",FALSE,Size,S,32EA7002-19-S,26,,TRUE,draft,https://www.mizunodirect.com/img_catalog/32EA7002191.jpg,1,13
mizuno-men-core-ss-tee-m-19,,,,,,,FALSE,Size,M,32EA7002-19-M,26,,TRUE,draft,,,13
mizuno-men-core-ss-tee-m-19,,,,,,,FALSE,Size,L,32EA7002-19-L,26,,TRUE,draft,,,13
mizuno-men-core-ss-tee-m-19,,,,,,,FALSE,Size,XL,32EA7002-19-XL,26,,TRUE,draft,,,13
mizuno-men-core-ss-tee-m-19,,,,,,,FALSE,Size,XXL,32EA7002-19-XXL,26,,TRUE,draft,,,13
mizuno-men-core-ss-tee-m-19,,,,,,,FALSE,Size,3XL,32EA7002-19-3XL,26,,TRUE,draft,,,13
mizuno-men-core-ss-tee-m-19,,,,,,,FALSE,Size,4XL,32EA7002-19-4XL,26,,TRUE,draft,,,13
mizuno-men-auth-singlet-m-14,Mizuno - Men Auth Singlet(m) - 14,,Mizuno,Apparel & Accessories,Teamwear,"mizuno-teamwear, style-u2ea7101, colour-14, vat-standard",FALSE,Size,S,U2EA7101-14-S,20,,TRUE,draft,https://www.mizunodirect.com/img_catalog/U2EA7101141.jpg,1,10
mizuno-men-auth-singlet-m-14,,,,,,,FALSE,Size,M,U2EA7101-14-M,20,,TRUE,draft,,,10
mizuno-men-auth-singlet-m-14,,,,,,,FALSE,Size,L,U2EA7101-14-L,20,,TRUE,draft,,,10
mizuno-men-auth-singlet-m-14,,,,,,,FALSE,Size,XL,U2EA7101-14-XL,20,,TRUE,draft,,,10
mizuno-men-auth-singlet-m-14,,,,,,,FALSE,Size,XXL,U2EA7101-14-XXL,20,,TRUE,draft,,,10
mizuno-men-auth-singlet-m-14,,,,,,,FALSE,Size,3XL,U2EA7101-14-3XL,20,,TRUE,draft,,,10
mizuno-men-auth-singlet-m-14,,,,,,,FALSE,Size,4XL,U2EA7101-14-4XL,20,,TRUE,draft,,,10
mizuno-mizuno-training-tee-m-14,Mizuno - Mizuno Training Tee (m) - 14,,Mizuno,Apparel & Accessories,Teamwear,"mizuno-teamwear, style-32eab565, colour-14, vat-standard",FALSE,Size,S,32EAB565-14-S,,,TRUE,draft,,1,
mizuno-mizuno-training-tee-m-14,,,,,,,FALSE,Size,M,32EAB565-14-M,,,TRUE,draft,,,
mizuno-mizuno-training-tee-m-14,,,,,,,FALSE,Size,L,32EAB565-14-L,,,TRUE,draft,,,
mizuno-mizuno-training-tee-m-14,,,,,,,FALSE,Size,XL,32EAB565-14-XL,,,TRUE,draft,,,
mizuno-mizuno-training-tee-m-14,,,,,,,FALSE,Size,XXL,32EAB565-14-XXL,,,TRUE,draft,,,
mizuno-mizuno-training-tee-m-14,,,,,,,FALSE,Size,3XL,32EAB565-14-3XL,,,TRUE,draft,,,
mizuno-mizuno-training-tee-m-14,,,,,,,FALSE,Size,4XL,32EAB565-14-4XL,,,TRUE,draft,,,
mizuno-mizuno-training-tee-m-14,,,,,,,FALSE,Size,XS,32EAB565-14-XS,,,TRUE,draft,,,
mizuno-mizuno-training-tee-m-71,Mizuno - Mizuno Training Tee (m) - 71,,Mizuno,Apparel & Accessories,Teamwear,"mizuno-teamwear, style-32eab565, colour-71, vat-standard",FALSE,Size,S,32EAB565-71-S,,,TRUE,draft,,1,
mizuno-mizuno-training-tee-m-71,,,,,,,FALSE,Size,M,32EAB565-71-M,,,TRUE,draft,,,
mizuno-mizuno-training-tee-m-71,,,,,,,FALSE,Size,L,32EAB565-71-L,,,TRUE,draft,,,
mizuno-mizuno-training-tee-m-71,,,,,,,FALSE,Size,XL,32EAB565-71-XL,,,TRUE,draft,,,
mizuno-mizuno-training-tee-m-71,,,,,,,FALSE,Size,XXL,32EAB565-71-XXL,,,TRUE,draft,,,
mizuno-mizuno-training-tee-m-71,,,,,,,FALSE,Size,3XL,32EAB565-71-3XL,,,TRUE,draft,,,
mizuno-mizuno-training-tee-m-71,,,,,,,FALSE,Size,4XL,32EAB565-71-4XL,,,TRUE,draft,,,
mizuno-mizuno-training-tee-m-71,,,,,,,FALSE,Size,XS,32EAB565-71-XS,,,TRUE,draft,,,
mizuno-shizuoka-t-fleece-m-black,Mizuno - Shizuoka T Fleece (m) - Black,,Mizuno,Apparel & Accessories,Teamwear,"mizuno-teamwear, style-32ee8a01, colour-09, color-black, vat-standard",FALSE,Size,XS,32EE8A01-09-XS,50,,TRUE,draft,https://www.mizunodirect.com/img_catalog/32EE8A0109.jpg,1,25
mizuno-shizuoka-t-fleece-m-black,,,,,,,FALSE,Size,S,32EE8A01-09-S,50,,TRUE,draft,,,25
mizuno-shizuoka-t-fleece-m-black,,,,,,,FALSE,Size,M,32EE8A01-09-M,50,,TRUE,draft,,,25
mizuno-shizuoka-t-fleece-m-black,,,,,,,FALSE,Size,L,32EE8A01-09-L,50,,TRUE,draft,,,25
mizuno-shizuoka-t-fleece-m-black,,,,,,,FALSE,Size,XL,32EE8A01-09-XL,50,,TRUE,draft,,,25
mizuno-shizuoka-t-fleece-m-black,,,,,,,FALSE,Size,XXL,32EE8A01-09-XXL,50,,TRUE,draft,,,25
mizuno-shizuoka-t-fleece-m-black,,,,,,,FALSE,Size,3XL,32EE8A01-09-3XL,50,,TRUE,draft,,,25
mizuno-shizuoka-t-fleece-m-black,,,,,,,FALSE,Size,4XL,32EE8A01-09-4XL,50,,TRUE,draft,,,25
mizuno-shizuoka-spls-top-m-m-black,Mizuno - Shizuoka Spls Top M(m) - Black,,Mizuno,Apparel & Accessories,Teamwear,"mizuno-teamwear, style-32ec8a02, colour-09, color-black, vat-standard",FALSE,Size,S,32EC8A02-09-S,50,,TRUE,draft,https://www.mizunodirect.com/img_catalog/32EC8A0209.jpg,1,25
mizuno-shizuoka-spls-top-m-m-black,,,,,,,FALSE,Size,M,32EC8A02-09-M,50,,TRUE,draft,,,25
mizuno-shizuoka-spls-top-m-m-black,,,,,,,FALSE,Size,L,32EC8A02-09-L,50,,TRUE,draft,,,25
mizuno-shizuoka-spls-top-m-m-black,,,,,,,FALSE,Size,XL,32EC8A02-09-XL,50,,TRUE,draft,,,25
mizuno-shizuoka-spls-top-m-m-black,,,,,,,FALSE,Size,XXL,32EC8A02-09-XXL,50,,TRUE,draft,,,25
mizuno-shizuoka-spls-top-m-m-black,,,,,,,FALSE,Size,3XL,32EC8A02-09-3XL,50,,TRUE,draft,,,25
mizuno-shizuoka-spls-top-m-m-black,,,,,,,FALSE,Size,4XL,32EC8A02-09-4XL,50,,TRUE,draft,,,25
mizuno-nara-trn-swt-m-m-09,Mizuno - Nara Trn Swt M(m) - 09,,Mizuno,Apparel & Accessories,Teamwear,"mizuno-teamwear, style-32fc9a03, colour-09, vat-standard",FALSE,Size,S,32FC9A03-09-S,44,,TRUE,draft,https://www.mizunodirect.com/img_catalog/32FC9A0309.jpg,1,22
mizuno-nara-trn-swt-m-m-09,,,,,,,FALSE,Size,M,32FC9A03-09-M,44,,TRUE,draft,,,22
mizuno-nara-trn-swt-m-m-09,,,,,,,FALSE,Size,L,32FC9A03-09-L,44,,TRUE,draft,,,22
mizuno-nara-trn-swt-m-m-09,,,,,,,FALSE,Size,XL,32FC9A03-09-XL,44,,TRUE,draft,,,22
mizuno-nara-trn-swt-m-m-09,,,,,,,FALSE,Size,XXL,32FC9A03-09-XXL,44,,TRUE,draft,,,22
mizuno-nara-trn-swt-m-m-09,,,,,,,FALSE,Size,3XL,32FC9A03-09-3XL,44,,TRUE,draft,,,22
mizuno-nara-trn-swt-m-m-09,,,,,,,FALSE,Size,4XL,32FC9A03-09-4XL,44,,TRUE,draft,,,22
mizuno-nara-trn-swt-m-m-09,,,,,,,FALSE,Size,XS,32FC9A03-09-XS,44,,TRUE,draft,,,22
mizuno-training-tech-fleece-m-09,Mizuno - Training Tech Fleece M - 09,,Mizuno,Apparel & Accessories,Teamwear,"mizuno-teamwear, style-32eca505, colour-09, vat-standard",FALSE,Size,XS,32ECA505-09-XS,44,,TRUE,draft,,1,22
mizuno-training-tech-fleece-m-09,,,,,,,FALSE,Size,S,32ECA505-09-S,44,,TRUE,draft,,,22
mizuno-training-tech-fleece-m-09,,,,,,,FALSE,Size,M,32ECA505-09-M,44,,TRUE,draft,,,22
mizuno-training-tech-fleece-m-09,,,,,,,FALSE,Size,L,32ECA505-09-L,44,,TRUE,draft,,,22
mizuno-training-tech-fleece-m-09,,,,,,,FALSE,Size,XL,32ECA505-09-XL,44,,TRUE,draft,,,22
mizuno-training-tech-fleece-m-09,,,,,,,FALSE,Size,XXL,32ECA505-09-XXL,44,,TRUE,draft,,,22
mizuno-training-tech-fleece-m-09,,,,,,,FALSE,Size,3XL,32ECA505-09-3XL,44,,TRUE,draft,,,22
mizuno-training-tech-fleece-m-09,,,,,,,FALSE,Size,4XL,32ECA505-09-4XL,44,,TRUE,draft,,,22
mizuno-shizuoka-t-pant-m-black,Mizuno - Shizuoka T Pant (m) - Black,,Mizuno,Apparel & Accessories,Teamwear,"mizuno-teamwear, style-32ed8a01, colour-09, color-black, vat-standard",FALSE,Size,S,32ED8A01-09-S,46,,TRUE,draft,https://www.mizunodirect.com/img_catalog/32ED8A0109.jpg,1,23
mizuno-shizuoka-t-pant-m-black,,,,,,,FALSE,Size,M,32ED8A01-09-M,46,,TRUE,draft,,,23
mizuno-shizuoka-t-pant-m-black,,,,,,,FALSE,Size,L,32ED8A01-09-L,46,,TRUE,draft,,,23
mizuno-shizuoka-t-pant-m-black,,,,,,,FALSE,Size,XL,32ED8A01-09-XL,46,,TRUE,draft,,,23
mizuno-shizuoka-t-pant-m-black,,,,,,,FALSE,Size,XXL,32ED8A01-09-XXL,46,,TRUE,draft,,,23
mizuno-shizuoka-t-pant-m-black,,,,,,,FALSE,Size,3XL,32ED8A01-09-3XL,46,,TRUE,draft,,,23
mizuno-shizuoka-t-pant-m-black,,,,,,,FALSE,Size,4XL,32ED8A01-09-4XL,46,,TRUE,draft,,,23
mizuno-shizuoka-t-pant-m-black,,,,,,,FALSE,Size,XS,32ED8A01-09-XS,46,,TRUE,draft,,,23
mizuno-nara-track-pant-m-m-black,Mizuno - Nara Track Pant M(m) - Black,,Mizuno,Apparel & Accessories,Teamwear,"mizuno-teamwear, style-32fd9a01, colour-09, color-black, vat-standard",FALSE,Size,S,32FD9A01-09-S,46,,TRUE,draft,https://www.mizunodirect.com/img_catalog/32FD9A0109.jpg,1,23
mizuno-nara-track-pant-m-m-black,,,,,,,FALSE,Size,M,32FD9A01-09-M,46,,TRUE,draft,,,23
mizuno-nara-track-pant-m-m-black,,,,,,,FALSE,Size,L,32FD9A01-09-L,46,,TRUE,draft,,,23
mizuno-nara-track-pant-m-m-black,,,,,,,FALSE,Size,XL,32FD9A01-09-XL,46,,TRUE,draft,,,23
mizuno-nara-track-pant-m-m-black,,,,,,,FALSE,Size,XXL,32FD9A01-09-XXL,46,,TRUE,draft,,,23
mizuno-nara-track-pant-m-m-black,,,,,,,FALSE,Size,3XL,32FD9A01-09-3XL,46,,TRUE,draft,,,23
mizuno-nara-track-pant-m-m-black,,,,,,,FALSE,Size,4XL,32FD9A01-09-4XL,46,,TRUE,draft,,,23
mizuno-mizuno-ter-hoodie-w-w-grey-melange,Mizuno - Mizuno Ter Hoodie W(w) - Grey Melange,,Mizuno,Apparel & Accessories,Teamwear,"mizuno-teamwear, style-32ec9c60, colour-07, color-grey-melange, vat-standard",FALSE,Size,XS,32EC9C60-07-XS,44,,TRUE,draft,https://www.mizunodirect.com/img_catalog/32EC9C6007.jpg,1,22
mizuno-mizuno-ter-hoodie-w-w-grey-melange,,,,,,,FALSE,Size,S,32EC9C60-07-S,44,,TRUE,draft,,,22
mizuno-mizuno-ter-hoodie-w-w-grey-melange,,,,,,,FALSE,Size,M,32EC9C60-07-M,44,,TRUE,draft,,,22
mizuno-mizuno-ter-hoodie-w-w-grey-melange,,,,,,,FALSE,Size,L,32EC9C60-07-L,44,,TRUE,draft,,,22
mizuno-mizuno-ter-hoodie-w-w-grey-melange,,,,,,,FALSE,Size,XL,32EC9C60-07-XL,44,,TRUE,draft,,,22
mizuno-mizuno-ter-hoodie-w-w-grey-melange,,,,,,,FALSE,Size,XXL,32EC9C60-07-XXL,44,,TRUE,draft,,,22
mizuno-mizuno-ter-hoodie-w-w-grey-melange,,,,,,,FALSE,Size,3XL,32EC9C60-07-3XL,44,,TRUE,draft,,,22
mizuno-mizuno-ter-hoodie-w-w-navy,Mizuno - Mizuno Ter Hoodie W(w) - Navy,,Mizuno,Apparel & Accessories,Teamwear,"mizuno-teamwear, style-32ec9c60, colour-14, color-navy, vat-standard",FALSE,Size,XS,32EC9C60-14-XS,44,,TRUE,draft,https://www.mizunodirect.com/img_catalog/32EC9C6014.jpg,1,22
mizuno-mizuno-ter-hoodie-w-w-navy,,,,,,,FALSE,Size,S,32EC9C60-14-S,44,,TRUE,draft,,,22
mizuno-mizuno-ter-hoodie-w-w-navy,,,,,,,FALSE,Size,M,32EC9C60-14-M,44,,TRUE,draft,,,22
mizuno-mizuno-ter-hoodie-w-w-navy,,,,,,,FALSE,Size,L,32EC9C60-14-L,44,,TRUE,draft,,,22
mizuno-mizuno-ter-hoodie-w-w-navy,,,,,,,FALSE,Size,XL,32EC9C60-14-XL,44,,TRUE,draft,,,22
mizuno-mizuno-ter-hoodie-w-w-navy,,,,,,,FALSE,Size,XXL,32EC9C60-14-XXL,44,,TRUE,draft,,,22
mizuno-mizuno-ter-hoodie-w-w-navy,,,,,,,FALSE,Size,3XL,32EC9C60-14-3XL,44,,TRUE,draft,,,22
mizuno-mizuno-ter-hoodie-w-w-black,Mizuno - Mizuno Ter Hoodie W(w) - Black,,Mizuno,Apparel & Accessories,Teamwear,"mizuno-teamwear, style-32ec9c60c, colour-09, color-black, vat-standard",FALSE,Size,XS,32EC9C60C-09-XS,,,TRUE,draft,,1,
mizuno-mizuno-ter-hoodie-w-w-black,,,,,,,FALSE,Size,S,32EC9C60C-09-S,,,TRUE,draft,,,
mizuno-mizuno-ter-hoodie-w-w-black,,,,,,,FALSE,Size,M,32EC9C60C-09-M,,,TRUE,draft,,,
mizuno-mizuno-ter-hoodie-w-w-black,,,,,,,FALSE,Size,L,32EC9C60C-09-L,,,TRUE,draft,,,
mizuno-mizuno-ter-hoodie-w-w-black,,,,,,,FALSE,Size,XL,32EC9C60C-09-XL,,,TRUE,draft,,,
mizuno-mizuno-ter-hoodie-w-w-black,,,,,,,FALSE,Size,XXL,32EC9C60C-09-XXL,,,TRUE,draft,,,
mizuno-mizuno-ter-hoodie-w-w-black,,,,,,,FALSE,Size,3XL,32EC9C60C-09-3XL,,,TRUE,draft,,,
mizuno-chiba-hoodie-jk-w-w-09,Mizuno - Chiba Hoodie Jk W(w) - 09,,Mizuno,Apparel & Accessories,Teamwear,"mizuno-teamwear, style-32eca760, colour-09, vat-standard",FALSE,Size,XS,32ECA760-09-XS,,,TRUE,draft,,1,
mizuno-chiba-hoodie-jk-w-w-09,,,,,,,FALSE,Size,S,32ECA760-09-S,,,TRUE,draft,,,
mizuno-chiba-hoodie-jk-w-w-09,,,,,,,FALSE,Size,M,32ECA760-09-M,,,TRUE,draft,,,
mizuno-chiba-hoodie-jk-w-w-09,,,,,,,FALSE,Size,L,32ECA760-09-L,,,TRUE,draft,,,
mizuno-chiba-hoodie-jk-w-w-09,,,,,,,FALSE,Size,XL,32ECA760-09-XL,,,TRUE,draft,,,
mizuno-chiba-hoodie-jk-w-w-09,,,,,,,FALSE,Size,XXL,32ECA760-09-XXL,,,TRUE,draft,,,
mizuno-chiba-hoodie-jk-w-w-09,,,,,,,FALSE,Size,3XL,32ECA760-09-3XL,,,TRUE,draft,,,
mizuno-chiba-hoodie-jk-w-w-62,Mizuno - Chiba Hoodie Jk W(w) - 62,,Mizuno,Apparel & Accessories,Teamwear,"mizuno-teamwear, style-32eca760, colour-62, vat-standard",FALSE,Size,XS,32ECA760-62-XS,,,TRUE,draft,,1,
mizuno-chiba-hoodie-jk-w-w-62,,,,,,,FALSE,Size,S,32ECA760-62-S,,,TRUE,draft,,,
mizuno-chiba-hoodie-jk-w-w-62,,,,,,,FALSE,Size,M,32ECA760-62-M,,,TRUE,draft,,,
mizuno-chiba-hoodie-jk-w-w-62,,,,,,,FALSE,Size,L,32ECA760-62-L,,,TRUE,draft,,,
mizuno-chiba-hoodie-jk-w-w-62,,,,,,,FALSE,Size,XL,32ECA760-62-XL,,,TRUE,draft,,,
mizuno-chiba-hoodie-jk-w-w-62,,,,,,,FALSE,Size,XXL,32ECA760-62-XXL,,,TRUE,draft,,,
mizuno-chiba-hoodie-jk-w-w-62,,,,,,,FALSE,Size,3XL,32ECA760-62-3XL,,,TRUE,draft,,,
mizuno-wom-premium-short-w-14,Mizuno - Wom Premium Short(w) - 14,,Mizuno,Apparel & Accessories,Teamwear,"mizuno-teamwear, style-u2eb7201, colour-14, vat-standard",FALSE,Size,XXS,U2EB7201-14-XXS,,,TRUE,draft,,1,
mizuno-wom-premium-short-w-14,,,,,,,FALSE,Size,XS,U2EB7201-14-XS,,,TRUE,draft,,,
mizuno-wom-premium-short-w-14,,,,,,,FALSE,Size,S,U2EB7201-14-S,,,TRUE,draft,,,
mizuno-wom-premium-short-w-14,,,,,,,FALSE,Size,M,U2EB7201-14-M,,,TRUE,draft,,,
mizuno-wom-premium-short-w-14,,,,,,,FALSE,Size,L,U2EB7201-14-L,,,TRUE,draft,,,
mizuno-wom-premium-short-w-14,,,,,,,FALSE,Size,XL,U2EB7201-14-XL,,,TRUE,draft,,,
mizuno-wom-premium-short-w-14,,,,,,,FALSE,Size,XXL,U2EB7201-14-XXL,,,TRUE,draft,,,
mizuno-wom-premium-short-w-14,,,,,,,FALSE,Size,3XL,U2EB7201-14-3XL,,,TRUE,draft,,,
mizuno-training-short-w-09,Mizuno - Training Short (w) - 09,,Mizuno,Apparel & Accessories,Teamwear,"mizuno-teamwear, style-32eba720, colour-09, vat-standard",FALSE,Size,XS,32EBA720-09-XS,30,,TRUE,draft,https://www.mizunodirect.com/img_catalog/32EBA72009.jpg,1,15
mizuno-training-short-w-09,,,,,,,FALSE,Size,S,32EBA720-09-S,30,,TRUE,draft,,,15
mizuno-training-short-w-09,,,,,,,FALSE,Size,M,32EBA720-09-M,30,,TRUE,draft,,,15
mizuno-training-short-w-09,,,,,,,FALSE,Size,L,32EBA720-09-L,30,,TRUE,draft,,,15
mizuno-training-short-w-09,,,,,,,FALSE,Size,XL,32EBA720-09-XL,30,,TRUE,draft,,,15
mizuno-training-short-w-09,,,,,,,FALSE,Size,XXL,32EBA720-09-XXL,30,,TRUE,draft,,,15
mizuno-training-short-w-09,,,,,,,FALSE,Size,3XL,32EBA720-09-3XL,30,,TRUE,draft,,,15
mizuno-authentic-skort-w-w-black,Mizuno - Authentic Skort W(w) - Black,,Mizuno,Apparel & Accessories,Teamwear,"mizuno-teamwear, style-32eb8c14, colour-09, color-black, vat-standard",FALSE,Size,XS,32EB8C14-09-XS,26,,TRUE,draft,https://www.mizunodirect.com/img_catalog/32EB8C1409.jpg,1,13
mizuno-authentic-skort-w-w-black,,,,,,,FALSE,Size,S,32EB8C14-09-S,26,,TRUE,draft,,,13
mizuno-authentic-skort-w-w-black,,,,,,,FALSE,Size,M,32EB8C14-09-M,26,,TRUE,draft,,,13
mizuno-authentic-skort-w-w-black,,,,,,,FALSE,Size,L,32EB8C14-09-L,26,,TRUE,draft,,,13
mizuno-authentic-skort-w-w-black,,,,,,,FALSE,Size,XL,32EB8C14-09-XL,26,,TRUE,draft,,,13
mizuno-authentic-skort-w-w-black,,,,,,,FALSE,Size,XXL,32EB8C14-09-XXL,26,,TRUE,draft,,,13
mizuno-authentic-skort-w-w-black,,,,,,,FALSE,Size,3XL,32EB8C14-09-3XL,26,,TRUE,draft,,,13
mizuno-shizuoka-ft-tee-w-w-grey,Mizuno - Shizuoka Ft Tee W(w) - Grey,,Mizuno,Apparel & Accessories,Teamwear,"mizuno-teamwear, style-32ea8c05, colour-05, color-grey, vat-standard",FALSE,Size,XS,32EA8C05-05-XS,26,,TRUE,draft,https://www.mizunodirect.com/img_catalog/32EA8C0505.jpg,1,13
mizuno-shizuoka-ft-tee-w-w-grey,,,,,,,FALSE,Size,S,32EA8C05-05-S,26,,TRUE,draft,,,13
mizuno-shizuoka-ft-tee-w-w-grey,,,,,,,FALSE,Size,M,32EA8C05-05-M,26,,TRUE,draft,,,13
mizuno-shizuoka-ft-tee-w-w-grey,,,,,,,FALSE,Size,L,32EA8C05-05-L,26,,TRUE,draft,,,13
mizuno-shizuoka-ft-tee-w-w-grey,,,,,,,FALSE,Size,XL,32EA8C05-05-XL,26,,TRUE,draft,,,13
mizuno-shizuoka-ft-tee-w-w-grey,,,,,,,FALSE,Size,XXL,32EA8C05-05-XXL,26,,TRUE,draft,,,13
mizuno-shizuoka-ft-tee-w-w-grey,,,,,,,FALSE,Size,3XL,32EA8C05-05-3XL,26,,TRUE,draft,,,13
mizuno-shizuoka-ft-tee-w-w-navy,Mizuno - Shizuoka Ft Tee W(w) - Navy,,Mizuno,Apparel & Accessories,Teamwear,"mizuno-teamwear, style-32ea8c05, colour-14, color-navy, vat-standard",FALSE,Size,XS,32EA8C05-14-XS,26,,TRUE,draft,https://www.mizunodirect.com/img_catalog/32EA8C0514.jpg,1,13
mizuno-shizuoka-ft-tee-w-w-navy,,,,,,,FALSE,Size,S,32EA8C05-14-S,26,,TRUE,draft,,,13
mizuno-shizuoka-ft-tee-w-w-navy,,,,,,,FALSE,Size,M,32EA8C05-14-M,26,,TRUE,draft,,,13
mizuno-shizuoka-ft-tee-w-w-navy,,,,,,,FALSE,Size,L,32EA8C05-14-L,26,,TRUE,draft,,,13
mizuno-shizuoka-ft-tee-w-w-navy,,,,,,,FALSE,Size,XL,32EA8C05-14-XL,26,,TRUE,draft,,,13
mizuno-shizuoka-ft-tee-w-w-navy,,,,,,,FALSE,Size,XXL,32EA8C05-14-XXL,26,,TRUE,draft,,,13
mizuno-shizuoka-ft-tee-w-w-navy,,,,,,,FALSE,Size,3XL,32EA8C05-14-3XL,26,,TRUE,draft,,,13
mizuno-shizuoka-ft-polo-w-w-grey,Mizuno - Shizuoka Ft Polo W(w) - Grey,,Mizuno,Apparel & Accessories,Teamwear,"mizuno-teamwear, style-32ea8c06, colour-05, color-grey, vat-standard",FALSE,Size,XS,32EA8C06-05-XS,26,,TRUE,draft,https://www.mizunodirect.com/img_catalog/32EA8C0605.jpg,1,13
mizuno-shizuoka-ft-polo-w-w-grey,,,,,,,FALSE,Size,S,32EA8C06-05-S,26,,TRUE,draft,,,13
mizuno-shizuoka-ft-polo-w-w-grey,,,,,,,FALSE,Size,M,32EA8C06-05-M,26,,TRUE,draft,,,13
mizuno-shizuoka-ft-polo-w-w-grey,,,,,,,FALSE,Size,L,32EA8C06-05-L,26,,TRUE,draft,,,13
mizuno-shizuoka-ft-polo-w-w-grey,,,,,,,FALSE,Size,XL,32EA8C06-05-XL,26,,TRUE,draft,,,13
mizuno-shizuoka-ft-polo-w-w-grey,,,,,,,FALSE,Size,XXL,32EA8C06-05-XXL,26,,TRUE,draft,,,13
mizuno-shizuoka-ft-polo-w-w-grey,,,,,,,FALSE,Size,3XL,32EA8C06-05-3XL,26,,TRUE,draft,,,13
mizuno-shizuoka-ft-polo-w-w-navy,Mizuno - Shizuoka Ft Polo W(w) - Navy,,Mizuno,Apparel & Accessories,Teamwear,"mizuno-teamwear, style-32ea8c06, colour-14, color-navy, vat-standard",FALSE,Size,XS,32EA8C06-14-XS,26,,TRUE,draft,https://www.mizunodirect.com/img_catalog/32EA8C0614.jpg,1,13
mizuno-shizuoka-ft-polo-w-w-navy,,,,,,,FALSE,Size,S,32EA8C06-14-S,26,,TRUE,draft,,,13
mizuno-shizuoka-ft-polo-w-w-navy,,,,,,,FALSE,Size,M,32EA8C06-14-M,26,,TRUE,draft,,,13
mizuno-shizuoka-ft-polo-w-w-navy,,,,,,,FALSE,Size,L,32EA8C06-14-L,26,,TRUE,draft,,,13
mizuno-shizuoka-ft-polo-w-w-navy,,,,,,,FALSE,Size,XL,32EA8C06-14-XL,26,,TRUE,draft,,,13
mizuno-shizuoka-ft-polo-w-w-navy,,,,,,,FALSE,Size,XXL,32EA8C06-14-XXL,26,,TRUE,draft,,,13
mizuno-shizuoka-ft-polo-w-w-navy,,,,,,,FALSE,Size,3XL,32EA8C06-14-3XL,26,,TRUE,draft,,,13
mizuno-wom-core-polo-w-14,Mizuno - Wom Core Polo (w) - 14,,Mizuno,Apparel & Accessories,Teamwear,"mizuno-teamwear, style-32ea7201, colour-14, vat-standard",FALSE,Size,XS,32EA7201-14-XS,26,,TRUE,draft,https://www.mizunodirect.com/img_catalog/32EA7201141.jpg,1,13
mizuno-wom-core-polo-w-14,,,,,,,FALSE,Size,S,32EA7201-14-S,26,,TRUE,draft,,,13
mizuno-wom-core-polo-w-14,,,,,,,FALSE,Size,M,32EA7201-14-M,26,,TRUE,draft,,,13
mizuno-wom-core-polo-w-14,,,,,,,FALSE,Size,L,32EA7201-14-L,26,,TRUE,draft,,,13
mizuno-wom-core-polo-w-14,,,,,,,FALSE,Size,XL,32EA7201-14-XL,26,,TRUE,draft,,,13
mizuno-wom-core-polo-w-14,,,,,,,FALSE,Size,XXL,32EA7201-14-XXL,26,,TRUE,draft,,,13
mizuno-wom-core-polo-w-14,,,,,,,FALSE,Size,3XL,32EA7201-14-3XL,26,,TRUE,draft,,,13
mizuno-wom-core-ss-tee-w-10,Mizuno - Wom Core Ss Tee(w) - 10,,Mizuno,Apparel & Accessories,Teamwear,"mizuno-teamwear, style-32ea7202, colour-10, vat-standard",FALSE,Size,XS,32EA7202-10-XS,26,,TRUE,draft,https://www.mizunodirect.com/img_catalog/32EA7202101.jpg,1,13
mizuno-wom-core-ss-tee-w-10,,,,,,,FALSE,Size,S,32EA7202-10-S,26,,TRUE,draft,,,13
mizuno-wom-core-ss-tee-w-10,,,,,,,FALSE,Size,M,32EA7202-10-M,26,,TRUE,draft,,,13
mizuno-wom-core-ss-tee-w-10,,,,,,,FALSE,Size,L,32EA7202-10-L,26,,TRUE,draft,,,13
mizuno-wom-core-ss-tee-w-10,,,,,,,FALSE,Size,XL,32EA7202-10-XL,26,,TRUE,draft,,,13
mizuno-wom-core-ss-tee-w-10,,,,,,,FALSE,Size,XXL,32EA7202-10-XXL,26,,TRUE,draft,,,13
mizuno-wom-core-ss-tee-w-10,,,,,,,FALSE,Size,3XL,32EA7202-10-3XL,26,,TRUE,draft,,,13
mizuno-wom-core-ss-tee-w-19,Mizuno - Wom Core Ss Tee(w) - 19,,Mizuno,Apparel & Accessories,Teamwear,"mizuno-teamwear, style-32ea7202, colour-19, vat-standard",FALSE,Size,XS,32EA7202-19-XS,26,,TRUE,draft,https://www.mizunodirect.com/img_catalog/32EA7202191.jpg,1,13
mizuno-wom-core-ss-tee-w-19,,,,,,,FALSE,Size,S,32EA7202-19-S,26,,TRUE,draft,,,13
mizuno-wom-core-ss-tee-w-19,,,,,,,FALSE,Size,M,32EA7202-19-M,26,,TRUE,draft,,,13
mizuno-wom-core-ss-tee-w-19,,,,,,,FALSE,Size,L,32EA7202-19-L,26,,TRUE,draft,,,13
mizuno-wom-core-ss-tee-w-19,,,,,,,FALSE,Size,XL,32EA7202-19-XL,26,,TRUE,draft,,,13
mizuno-wom-core-ss-tee-w-19,,,,,,,FALSE,Size,XXL,32EA7202-19-XXL,26,,TRUE,draft,,,13
mizuno-wom-core-ss-tee-w-19,,,,,,,FALSE,Size,3XL,32EA7202-19-3XL,26,,TRUE,draft,,,13
mizuno-wom-auth-singlet-w-14,Mizuno - Wom Auth Singlet(w) - 14,,Mizuno,Apparel & Accessories,Teamwear,"mizuno-teamwear, style-u2ea7301, colour-14, vat-standard",FALSE,Size,XS,U2EA7301-14-XS,26,,TRUE,draft,https://www.mizunodirect.com/img_catalog/U2EA7301141.jpg,1,13
mizuno-wom-auth-singlet-w-14,,,,,,,FALSE,Size,S,U2EA7301-14-S,26,,TRUE,draft,,,13
mizuno-wom-auth-singlet-w-14,,,,,,,FALSE,Size,M,U2EA7301-14-M,26,,TRUE,draft,,,13
mizuno-wom-auth-singlet-w-14,,,,,,,FALSE,Size,L,U2EA7301-14-L,26,,TRUE,draft,,,13
mizuno-wom-auth-singlet-w-14,,,,,,,FALSE,Size,XL,U2EA7301-14-XL,26,,TRUE,draft,,,13
mizuno-wom-auth-singlet-w-14,,,,,,,FALSE,Size,XXL,U2EA7301-14-XXL,26,,TRUE,draft,,,13
mizuno-wom-auth-singlet-w-14,,,,,,,FALSE,Size,3XL,U2EA7301-14-3XL,26,,TRUE,draft,,,13
mizuno-mizuno-training-tee-w-14,Mizuno - Mizuno Training Tee (w) - 14,,Mizuno,Apparel & Accessories,Teamwear,"mizuno-teamwear, style-32eab765, colour-14, vat-standard",FALSE,Size,XS,32EAB765-14-XS,,,TRUE,draft,,1,
mizuno-mizuno-training-tee-w-14,,,,,,,FALSE,Size,S,32EAB765-14-S,,,TRUE,draft,,,
mizuno-mizuno-training-tee-w-14,,,,,,,FALSE,Size,M,32EAB765-14-M,,,TRUE,draft,,,
mizuno-mizuno-training-tee-w-14,,,,,,,FALSE,Size,L,32EAB765-14-L,,,TRUE,draft,,,
mizuno-mizuno-training-tee-w-14,,,,,,,FALSE,Size,XL,32EAB765-14-XL,,,TRUE,draft,,,
mizuno-mizuno-training-tee-w-14,,,,,,,FALSE,Size,XXL,32EAB765-14-XXL,,,TRUE,draft,,,
mizuno-mizuno-training-tee-w-14,,,,,,,FALSE,Size,3XL,32EAB765-14-3XL,,,TRUE,draft,,,
mizuno-auth-rain-jacket-w-w-14,Mizuno - Auth Rain Jacket W(w) - 14,,Mizuno,Apparel & Accessories,Teamwear,"mizuno-teamwear, style-32eea710, colour-14, vat-standard",FALSE,Size,XS,32EEA710-14-XS,,,TRUE,draft,,1,
mizuno-auth-rain-jacket-w-w-14,,,,,,,FALSE,Size,S,32EEA710-14-S,,,TRUE,draft,,,
mizuno-auth-rain-jacket-w-w-14,,,,,,,FALSE,Size,M,32EEA710-14-M,,,TRUE,draft,,,
mizuno-auth-rain-jacket-w-w-14,,,,,,,FALSE,Size,L,32EEA710-14-L,,,TRUE,draft,,,
mizuno-auth-rain-jacket-w-w-14,,,,,,,FALSE,Size,XL,32EEA710-14-XL,,,TRUE,draft,,,
mizuno-auth-rain-jacket-w-w-14,,,,,,,FALSE,Size,XXL,32EEA710-14-XXL,,,TRUE,draft,,,
mizuno-nara-training-sweat-w-14,Mizuno - Nara Training Sweat W - 14,,Mizuno,Apparel & Accessories,Teamwear,"mizuno-teamwear, style-32eca703, colour-14, vat-standard",FALSE,Size,XS,32ECA703-14-XS,,,TRUE,draft,,1,
mizuno-nara-training-sweat-w-14,,,,,,,FALSE,Size,S,32ECA703-14-S,,,TRUE,draft,,,
mizuno-nara-training-sweat-w-14,,,,,,,FALSE,Size,M,32ECA703-14-M,,,TRUE,draft,,,
mizuno-nara-training-sweat-w-14,,,,,,,FALSE,Size,L,32ECA703-14-L,,,TRUE,draft,,,
mizuno-nara-training-sweat-w-14,,,,,,,FALSE,Size,XL,32ECA703-14-XL,,,TRUE,draft,,,
mizuno-nara-training-sweat-w-14,,,,,,,FALSE,Size,XXL,32ECA703-14-XXL,,,TRUE,draft,,,
mizuno-shizuoka-tech-fleece-w-09,Mizuno - Shizuoka Tech Fleece (w) - 09,,Mizuno,Apparel & Accessories,Teamwear,"mizuno-teamwear, style-32eca705, colour-09, vat-standard",FALSE,Size,XS,32ECA705-09-XS,,,TRUE,draft,,1,
mizuno-shizuoka-tech-fleece-w-09,,,,,,,FALSE,Size,S,32ECA705-09-S,,,TRUE,draft,,,
mizuno-shizuoka-tech-fleece-w-09,,,,,,,FALSE,Size,M,32ECA705-09-M,,,TRUE,draft,,,
mizuno-shizuoka-tech-fleece-w-09,,,,,,,FALSE,Size,L,32ECA705-09-L,,,TRUE,draft,,,
mizuno-shizuoka-tech-fleece-w-09,,,,,,,FALSE,Size,XL,32ECA705-09-XL,,,TRUE,draft,,,
mizuno-shizuoka-tech-fleece-w-09,,,,,,,FALSE,Size,XXL,32ECA705-09-XXL,,,TRUE,draft,,,
mizuno-shizuoka-tech-fleece-w-09,,,,,,,FALSE,Size,3XL,32ECA705-09-3XL,,,TRUE,draft,,,
mizuno-shizuoka-t-pant-w-w-black,Mizuno - Shizuoka T Pant W(w) - Black,,Mizuno,Apparel & Accessories,Teamwear,"mizuno-teamwear, style-32ed8c01, colour-09, color-black, vat-standard",FALSE,Size,XS,32ED8C01-09-XS,46,,TRUE,draft,https://www.mizunodirect.com/img_catalog/32ED8C0109.jpg,1,23
mizuno-shizuoka-t-pant-w-w-black,,,,,,,FALSE,Size,S,32ED8C01-09-S,46,,TRUE,draft,,,23
mizuno-shizuoka-t-pant-w-w-black,,,,,,,FALSE,Size,M,32ED8C01-09-M,46,,TRUE,draft,,,23
mizuno-shizuoka-t-pant-w-w-black,,,,,,,FALSE,Size,L,32ED8C01-09-L,46,,TRUE,draft,,,23
mizuno-shizuoka-t-pant-w-w-black,,,,,,,FALSE,Size,XL,32ED8C01-09-XL,46,,TRUE,draft,,,23
mizuno-shizuoka-t-pant-w-w-black,,,,,,,FALSE,Size,XXL,32ED8C01-09-XXL,46,,TRUE,draft,,,23
mizuno-shizuoka-t-pant-w-w-black,,,,,,,FALSE,Size,3XL,32ED8C01-09-3XL,46,,TRUE,draft,,,23
mizuno-nara-track-pant-w-w-black,Mizuno - Nara Track Pant W(w) - Black,,Mizuno,Apparel & Accessories,Teamwear,"mizuno-teamwear, style-32eda701, colour-09, color-black, vat-standard",FALSE,Size,XS,32EDA701-09-XS,46,,TRUE,draft,https://www.mizunodirect.com/img_catalog/32EDA70109.jpg,1,23
mizuno-nara-track-pant-w-w-black,,,,,,,FALSE,Size,S,32EDA701-09-S,46,,TRUE,draft,,,23
mizuno-nara-track-pant-w-w-black,,,,,,,FALSE,Size,M,32EDA701-09-M,46,,TRUE,draft,,,23
mizuno-nara-track-pant-w-w-black,,,,,,,FALSE,Size,L,32EDA701-09-L,46,,TRUE,draft,,,23
mizuno-nara-track-pant-w-w-black,,,,,,,FALSE,Size,XL,32EDA701-09-XL,46,,TRUE,draft,,,23
mizuno-nara-track-pant-w-w-black,,,,,,,FALSE,Size,XXL,32EDA701-09-XXL,46,,TRUE,draft,,,23
mizuno-nara-track-pant-w-w-black,,,,,,,FALSE,Size,3XL,32EDA701-09-3XL,46,,TRUE,draft,,,23
mizuno-mizuno-ter-hoodie-jr-c-grey-melange,Mizuno - Mizuno Ter Hoodie Jr(c) - Grey Melange,,Mizuno,Apparel & Accessories,Teamwear,"mizuno-teamwear, style-32ec9b60, colour-07, color-grey-melange, vat-exempt-junior",FALSE,Size,116,32EC9B60-07-116,38,,FALSE,draft,https://www.mizunodirect.com/img_catalog/32EC9B6007.jpg,1,19
mizuno-mizuno-ter-hoodie-jr-c-grey-melange,,,,,,,FALSE,Size,128,32EC9B60-07-128,38,,FALSE,draft,,,19
mizuno-mizuno-ter-hoodie-jr-c-grey-melange,,,,,,,FALSE,Size,140,32EC9B60-07-140,38,,FALSE,draft,,,19
mizuno-mizuno-ter-hoodie-jr-c-grey-melange,,,,,,,FALSE,Size,152,32EC9B60-07-152,38,,FALSE,draft,,,19
mizuno-mizuno-ter-hoodie-jr-c-grey-melange,,,,,,,FALSE,Size,164,32EC9B60-07-164,38,,FALSE,draft,,,19
mizuno-mizuno-ter-hoodie-jr-c-navy,Mizuno - Mizuno Ter Hoodie Jr(c) - Navy,,Mizuno,Apparel & Accessories,Teamwear,"mizuno-teamwear, style-32ec9b60, colour-14, color-navy, vat-exempt-junior",FALSE,Size,116,32EC9B60-14-116,38,,FALSE,draft,https://www.mizunodirect.com/img_catalog/32EC9B6014.jpg,1,19
mizuno-mizuno-ter-hoodie-jr-c-navy,,,,,,,FALSE,Size,128,32EC9B60-14-128,38,,FALSE,draft,,,19
mizuno-mizuno-ter-hoodie-jr-c-navy,,,,,,,FALSE,Size,140,32EC9B60-14-140,38,,FALSE,draft,,,19
mizuno-mizuno-ter-hoodie-jr-c-navy,,,,,,,FALSE,Size,152,32EC9B60-14-152,38,,FALSE,draft,,,19
mizuno-mizuno-ter-hoodie-jr-c-navy,,,,,,,FALSE,Size,164,32EC9B60-14-164,38,,FALSE,draft,,,19
mizuno-mizuno-ter-hoodie-jr-c-09,Mizuno - Mizuno Ter Hoodie Jr(c) - 09,,Mizuno,Apparel & Accessories,Teamwear,"mizuno-teamwear, style-32ec9b60c, colour-09, vat-exempt-junior",FALSE,Size,116,32EC9B60C-09-116,,,FALSE,draft,https://www.mizunodirect.com/img_catalog/32EC9B6009.jpg,1,
mizuno-mizuno-ter-hoodie-jr-c-09,,,,,,,FALSE,Size,128,32EC9B60C-09-128,,,FALSE,draft,,,
mizuno-mizuno-ter-hoodie-jr-c-09,,,,,,,FALSE,Size,140,32EC9B60C-09-140,,,FALSE,draft,,,
mizuno-mizuno-ter-hoodie-jr-c-09,,,,,,,FALSE,Size,152,32EC9B60C-09-152,,,FALSE,draft,,,
mizuno-mizuno-ter-hoodie-jr-c-09,,,,,,,FALSE,Size,164,32EC9B60C-09-164,,,FALSE,draft,,,
mizuno-chiba-hoodie-jk-jr-c-09,Mizuno - Chiba Hoodie Jk Jr(c) - 09,,Mizuno,Apparel & Accessories,Teamwear,"mizuno-teamwear, style-32eca960, colour-09, vat-exempt-junior",FALSE,Size,116,32ECA960-09-116,,,FALSE,draft,,1,
mizuno-chiba-hoodie-jk-jr-c-09,,,,,,,FALSE,Size,128,32ECA960-09-128,,,FALSE,draft,,,
mizuno-chiba-hoodie-jk-jr-c-09,,,,,,,FALSE,Size,140,32ECA960-09-140,,,FALSE,draft,,,
mizuno-chiba-hoodie-jk-jr-c-09,,,,,,,FALSE,Size,152,32ECA960-09-152,,,FALSE,draft,,,
mizuno-chiba-hoodie-jk-jr-c-09,,,,,,,FALSE,Size,164,32ECA960-09-164,,,FALSE,draft,,,
mizuno-jr-osaka-wind-jkt-c-black,Mizuno - Jr Osaka Wind Jkt(c) - Black,,Mizuno,Apparel & Accessories,Teamwear,"mizuno-teamwear, style-u2ee8901, colour-09, color-black, vat-exempt-junior",FALSE,Size,116,U2EE8901-09-116,46,,FALSE,draft,https://www.mizunodirect.com/img_catalog/U2EE890109.jpg,1,23
mizuno-jr-osaka-wind-jkt-c-black,,,,,,,FALSE,Size,128,U2EE8901-09-128,46,,FALSE,draft,,,23
mizuno-jr-osaka-wind-jkt-c-black,,,,,,,FALSE,Size,140,U2EE8901-09-140,46,,FALSE,draft,,,23
mizuno-jr-osaka-wind-jkt-c-black,,,,,,,FALSE,Size,152,U2EE8901-09-152,46,,FALSE,draft,,,23
mizuno-jr-osaka-wind-jkt-c-black,,,,,,,FALSE,Size,164,U2EE8901-09-164,46,,FALSE,draft,,,23
mizuno-mizuno-club-jk-jr-c-black,Mizuno - Mizuno Club Jk Jr(c) - Black,,Mizuno,Apparel & Accessories,Teamwear,"mizuno-teamwear, style-32fe9b07, colour-09, color-black, vat-exempt-junior",FALSE,Size,116,32FE9B07-09-116,46,,FALSE,draft,https://www.mizunodirect.com/img_catalog/32FE9B0709.jpg,1,23
mizuno-mizuno-club-jk-jr-c-black,,,,,,,FALSE,Size,128,32FE9B07-09-128,46,,FALSE,draft,,,23
mizuno-mizuno-club-jk-jr-c-black,,,,,,,FALSE,Size,140,32FE9B07-09-140,46,,FALSE,draft,,,23
mizuno-mizuno-club-jk-jr-c-black,,,,,,,FALSE,Size,152,32FE9B07-09-152,46,,FALSE,draft,,,23
mizuno-mizuno-club-jk-jr-c-black,,,,,,,FALSE,Size,164,32FE9B07-09-164,46,,FALSE,draft,,,23
mizuno-jr-takeshi-g-shorts-c-black,Mizuno - Jr Takeshi G Shorts(c) - Black,,Mizuno,Apparel & Accessories,Teamwear,"mizuno-teamwear, style-32eb4b01, colour-09, color-black, vat-exempt-junior",FALSE,Size,Y8,32EB4B01-09-Y8,26,,FALSE,draft,https://www.mizunodirect.com/img_catalog/32EB4B0109.jpg,1,13
mizuno-jr-takeshi-g-shorts-c-black,,,,,,,FALSE,Size,Y10,32EB4B01-09-Y10,26,,FALSE,draft,,,13
mizuno-jr-takeshi-g-shorts-c-black,,,,,,,FALSE,Size,Y12,32EB4B01-09-Y12,26,,FALSE,draft,,,13
mizuno-jr-takeshi-g-shorts-c-black,,,,,,,FALSE,Size,YXS,32EB4B01-09-YXS,26,,FALSE,draft,,,13
mizuno-jr-takeshi-g-shorts-c-black,,,,,,,FALSE,Size,Y6,32EB4B01-09-Y6,26,,FALSE,draft,,,13
mizuno-authentic-r-short-jr-c-white,Mizuno - Authentic R Short Jr(c) - White,,Mizuno,Apparel & Accessories,Teamwear,"mizuno-teamwear, style-32eb8b11, colour-01, color-white, vat-exempt-junior",FALSE,Size,116,32EB8B11-01-116,26,,FALSE,draft,https://www.mizunodirect.com/img_catalog/32EB8B1101.jpg,1,13
mizuno-authentic-r-short-jr-c-white,,,,,,,FALSE,Size,128,32EB8B11-01-128,26,,FALSE,draft,,,13
mizuno-authentic-r-short-jr-c-white,,,,,,,FALSE,Size,140,32EB8B11-01-140,26,,FALSE,draft,,,13
mizuno-authentic-r-short-jr-c-white,,,,,,,FALSE,Size,152,32EB8B11-01-152,26,,FALSE,draft,,,13
mizuno-authentic-r-short-jr-c-white,,,,,,,FALSE,Size,164,32EB8B11-01-164,26,,FALSE,draft,,,13
mizuno-authentic-r-short-jr-c-navy,Mizuno - Authentic R Short Jr(c) - Navy,,Mizuno,Apparel & Accessories,Teamwear,"mizuno-teamwear, style-32eb8b11, colour-14, color-navy, vat-exempt-junior",FALSE,Size,116,32EB8B11-14-116,26,,FALSE,draft,https://www.mizunodirect.com/img_catalog/32EB8B1114.jpg,1,13
mizuno-authentic-r-short-jr-c-navy,,,,,,,FALSE,Size,128,32EB8B11-14-128,26,,FALSE,draft,,,13
mizuno-authentic-r-short-jr-c-navy,,,,,,,FALSE,Size,140,32EB8B11-14-140,26,,FALSE,draft,,,13
mizuno-authentic-r-short-jr-c-navy,,,,,,,FALSE,Size,152,32EB8B11-14-152,26,,FALSE,draft,,,13
mizuno-authentic-r-short-jr-c-navy,,,,,,,FALSE,Size,164,32EB8B11-14-164,26,,FALSE,draft,,,13
mizuno-core-bermuda-jr-c-black,Mizuno - Core Bermuda Jr(c) - Black,,Mizuno,Apparel & Accessories,Teamwear,"mizuno-teamwear, style-32eb9935, colour-09, color-black, vat-exempt-junior",FALSE,Size,116,32EB9935-09-116,26,,FALSE,draft,https://www.mizunodirect.com/img_catalog/32EB993509.jpg,1,13
mizuno-core-bermuda-jr-c-black,,,,,,,FALSE,Size,128,32EB9935-09-128,26,,FALSE,draft,,,13
mizuno-core-bermuda-jr-c-black,,,,,,,FALSE,Size,140,32EB9935-09-140,26,,FALSE,draft,,,13
mizuno-core-bermuda-jr-c-black,,,,,,,FALSE,Size,152,32EB9935-09-152,26,,FALSE,draft,,,13
mizuno-core-bermuda-jr-c-black,,,,,,,FALSE,Size,164,32EB9935-09-164,26,,FALSE,draft,,,13
mizuno-jr-takeshi-g-shorts-c-01,Mizuno - Jr Takeshi G Shorts(c) - 01,,Mizuno,Apparel & Accessories,Teamwear,"mizuno-teamwear, style-32eb4b03, colour-01, vat-exempt-junior",FALSE,Size,Y6,32EB4B03-01-Y6,26,,FALSE,draft,https://www.mizunodirect.com/img_catalog/32EB4B0301.jpg,1,13
mizuno-jr-takeshi-g-shorts-c-01,,,,,,,FALSE,Size,Y8,32EB4B03-01-Y8,26,,FALSE,draft,,,13
mizuno-jr-takeshi-g-shorts-c-01,,,,,,,FALSE,Size,Y10,32EB4B03-01-Y10,26,,FALSE,draft,,,13
mizuno-jr-takeshi-g-shorts-c-01,,,,,,,FALSE,Size,Y12,32EB4B03-01-Y12,26,,FALSE,draft,,,13
mizuno-jr-takeshi-g-shorts-c-01,,,,,,,FALSE,Size,YXS,32EB4B03-01-YXS,26,,FALSE,draft,,,13
mizuno-jr-takeshi-g-shorts-c-09,Mizuno - Jr Takeshi G Shorts(c) - 09,,Mizuno,Apparel & Accessories,Teamwear,"mizuno-teamwear, style-32eb1b05, colour-09, vat-exempt-junior",FALSE,Size,116,32EB1B05-09-116,26,,FALSE,draft,https://www.mizunodirect.com/img_catalog/32EB1B0509.jpg,1,13
mizuno-jr-takeshi-g-shorts-c-09,,,,,,,FALSE,Size,128,32EB1B05-09-128,26,,FALSE,draft,,,13
mizuno-jr-takeshi-g-shorts-c-09,,,,,,,FALSE,Size,140,32EB1B05-09-140,26,,FALSE,draft,,,13
mizuno-jr-takeshi-g-shorts-c-09,,,,,,,FALSE,Size,152,32EB1B05-09-152,26,,FALSE,draft,,,13
mizuno-jr-takeshi-g-shorts-c-09,,,,,,,FALSE,Size,164,32EB1B05-09-164,26,,FALSE,draft,,,13
mizuno-j-takeshi-g-shorts-l-c-01,Mizuno - J Takeshi G Shorts L(c) - 01,,Mizuno,Apparel & Accessories,Teamwear,"mizuno-teamwear, style-32eb1b06, colour-01, vat-exempt-junior",FALSE,Size,116,32EB1B06-01-116,,,FALSE,draft,https://www.mizunodirect.com/img_catalog/32EB4A0301.jpg,1,
mizuno-j-takeshi-g-shorts-l-c-01,,,,,,,FALSE,Size,128,32EB1B06-01-128,,,FALSE,draft,,,
mizuno-j-takeshi-g-shorts-l-c-01,,,,,,,FALSE,Size,140,32EB1B06-01-140,,,FALSE,draft,,,
mizuno-j-takeshi-g-shorts-l-c-01,,,,,,,FALSE,Size,152,32EB1B06-01-152,,,FALSE,draft,,,
mizuno-j-takeshi-g-shorts-l-c-01,,,,,,,FALSE,Size,164,32EB1B06-01-164,,,FALSE,draft,,,
mizuno-jr-stock-skort-c-black,Mizuno - Jr Stock Skort(c) - Black,,Mizuno,Apparel & Accessories,Teamwear,"mizuno-teamwear, style-32eb8d14, colour-09, color-black, vat-exempt-junior",FALSE,Size,116,32EB8D14-09-116,24,,FALSE,draft,https://www.mizunodirect.com/img_catalog/32EB8D1409.jpg,1,12
mizuno-jr-stock-skort-c-black,,,,,,,FALSE,Size,128,32EB8D14-09-128,24,,FALSE,draft,,,12
mizuno-jr-stock-skort-c-black,,,,,,,FALSE,Size,140,32EB8D14-09-140,24,,FALSE,draft,,,12
mizuno-jr-stock-skort-c-black,,,,,,,FALSE,Size,152,32EB8D14-09-152,24,,FALSE,draft,,,12
mizuno-jr-stock-skort-c-black,,,,,,,FALSE,Size,164,32EB8D14-09-164,24,,FALSE,draft,,,12
mizuno-shizuoka-ft-tee-jr-c-black,Mizuno - Shizuoka Ft Tee Jr(c) - Black,,Mizuno,Apparel & Accessories,Teamwear,"mizuno-teamwear, style-32ea8b05, colour-09, color-black, vat-exempt-junior",FALSE,Size,Y6,32EA8B05-09-Y6,22,,FALSE,draft,https://www.mizunodirect.com/img_catalog/32EA8B0509.jpg,1,11
mizuno-shizuoka-ft-tee-jr-c-black,,,,,,,FALSE,Size,Y8,32EA8B05-09-Y8,22,,FALSE,draft,,,11
mizuno-shizuoka-ft-tee-jr-c-black,,,,,,,FALSE,Size,Y10,32EA8B05-09-Y10,22,,FALSE,draft,,,11
mizuno-shizuoka-ft-tee-jr-c-black,,,,,,,FALSE,Size,Y12,32EA8B05-09-Y12,22,,FALSE,draft,,,11
mizuno-shizuoka-ft-tee-jr-c-black,,,,,,,FALSE,Size,YXS,32EA8B05-09-YXS,22,,FALSE,draft,,,11
mizuno-jr-core-ss-tee-c-10,Mizuno - Jr Core Ss Tee(c) - 10,,Mizuno,Apparel & Accessories,Teamwear,"mizuno-teamwear, style-32ea7401, colour-10, vat-exempt-junior",FALSE,Size,116,32EA7401-10-116,22,,FALSE,draft,https://www.mizunodirect.com/img_catalog/32EA7401101.jpg,1,11
mizuno-jr-core-ss-tee-c-10,,,,,,,FALSE,Size,128,32EA7401-10-128,22,,FALSE,draft,,,11
mizuno-jr-core-ss-tee-c-10,,,,,,,FALSE,Size,140,32EA7401-10-140,22,,FALSE,draft,,,11
mizuno-jr-core-ss-tee-c-10,,,,,,,FALSE,Size,152,32EA7401-10-152,22,,FALSE,draft,,,11
mizuno-jr-core-ss-tee-c-10,,,,,,,FALSE,Size,164,32EA7401-10-164,22,,FALSE,draft,,,11
mizuno-jr-core-ss-tee-c-19,Mizuno - Jr Core Ss Tee(c) - 19,,Mizuno,Apparel & Accessories,Teamwear,"mizuno-teamwear, style-32ea7401, colour-19, vat-exempt-junior",FALSE,Size,116,32EA7401-19-116,22,,FALSE,draft,https://www.mizunodirect.com/img_catalog/32EA7401191.jpg,1,11
mizuno-jr-core-ss-tee-c-19,,,,,,,FALSE,Size,128,32EA7401-19-128,22,,FALSE,draft,,,11
mizuno-jr-core-ss-tee-c-19,,,,,,,FALSE,Size,140,32EA7401-19-140,22,,FALSE,draft,,,11
mizuno-jr-core-ss-tee-c-19,,,,,,,FALSE,Size,152,32EA7401-19-152,22,,FALSE,draft,,,11
mizuno-jr-core-ss-tee-c-19,,,,,,,FALSE,Size,164,32EA7401-19-164,22,,FALSE,draft,,,11
mizuno-shizuoka-t-fleece-jr-c-black,Mizuno - Shizuoka T Fleece Jr(c) - Black,,Mizuno,Apparel & Accessories,Teamwear,"mizuno-teamwear, style-32ee8b01, colour-09, color-black, vat-exempt-junior",FALSE,Size,116,32EE8B01-09-116,46,,FALSE,draft,https://www.mizunodirect.com/img_catalog/32EE8B0109.jpg,1,23
mizuno-shizuoka-t-fleece-jr-c-black,,,,,,,FALSE,Size,128,32EE8B01-09-128,46,,FALSE,draft,,,23
mizuno-shizuoka-t-fleece-jr-c-black,,,,,,,FALSE,Size,140,32EE8B01-09-140,46,,FALSE,draft,,,23
mizuno-shizuoka-t-fleece-jr-c-black,,,,,,,FALSE,Size,152,32EE8B01-09-152,46,,FALSE,draft,,,23
mizuno-shizuoka-t-fleece-jr-c-black,,,,,,,FALSE,Size,164,32EE8B01-09-164,46,,FALSE,draft,,,23
mizuno-shizuoka-spls-top-jr-c-black,Mizuno - Shizuoka Spls Top Jr(c) - Black,,Mizuno,Apparel & Accessories,Teamwear,"mizuno-teamwear, style-32ec8b02, colour-09, color-black, vat-exempt-junior",FALSE,Size,116,32EC8B02-09-116,48,,FALSE,draft,https://www.mizunodirect.com/img_catalog/32EC8B0209.jpg,1,24
mizuno-shizuoka-spls-top-jr-c-black,,,,,,,FALSE,Size,128,32EC8B02-09-128,48,,FALSE,draft,,,24
mizuno-shizuoka-spls-top-jr-c-black,,,,,,,FALSE,Size,140,32EC8B02-09-140,48,,FALSE,draft,,,24
mizuno-shizuoka-spls-top-jr-c-black,,,,,,,FALSE,Size,152,32EC8B02-09-152,48,,FALSE,draft,,,24
mizuno-shizuoka-spls-top-jr-c-black,,,,,,,FALSE,Size,164,32EC8B02-09-164,48,,FALSE,draft,,,24
mizuno-shizuoka-t-pant-jr-c-black,Mizuno - Shizuoka T Pant Jr(c) - Black,,Mizuno,Apparel & Accessories,Teamwear,"mizuno-teamwear, style-32ed8b01, colour-09, color-black, vat-exempt-junior",FALSE,Size,116,32ED8B01-09-116,42,,FALSE,draft,https://www.mizunodirect.com/img_catalog/32ED8B0109.jpg,1,21
mizuno-shizuoka-t-pant-jr-c-black,,,,,,,FALSE,Size,128,32ED8B01-09-128,42,,FALSE,draft,,,21
mizuno-shizuoka-t-pant-jr-c-black,,,,,,,FALSE,Size,140,32ED8B01-09-140,42,,FALSE,draft,,,21
mizuno-shizuoka-t-pant-jr-c-black,,,,,,,FALSE,Size,152,32ED8B01-09-152,42,,FALSE,draft,,,21
mizuno-shizuoka-t-pant-jr-c-black,,,,,,,FALSE,Size,164,32ED8B01-09-164,42,,FALSE,draft,,,21
mizuno-nara-track-pant-jr-c-black,Mizuno - Nara Track Pant Jr(c) - Black,,Mizuno,Apparel & Accessories,Teamwear,"mizuno-teamwear, style-32fd9b01, colour-09, color-black, vat-exempt-junior",FALSE,Size,116,32FD9B01-09-116,42,,FALSE,draft,https://www.mizunodirect.com/img_catalog/32FD9B0109.jpg,1,21
mizuno-nara-track-pant-jr-c-black,,,,,,,FALSE,Size,128,32FD9B01-09-128,42,,FALSE,draft,,,21
mizuno-nara-track-pant-jr-c-black,,,,,,,FALSE,Size,140,32FD9B01-09-140,42,,FALSE,draft,,,21
mizuno-nara-track-pant-jr-c-black,,,,,,,FALSE,Size,152,32FD9B01-09-152,42,,FALSE,draft,,,21
mizuno-nara-track-pant-jr-c-black,,,,,,,FALSE,Size,164,32FD9B01-09-164,42,,FALSE,draft,,,21
mizuno-shizuoka-tech-fleece-c-14,Mizuno - Shizuoka Tech Fleece (c) - 14,,Mizuno,Apparel & Accessories,Teamwear,"mizuno-teamwear, style-32eca905, colour-14, vat-exempt-junior",FALSE,Size,164,32ECA905-14-164,,,FALSE,draft,,1,
mizuno-ryoko-stick-bag-u-black,Mizuno - Ryoko Stick Bag(u) - Black,,Mizuno,Apparel & Accessories,Teamwear,"mizuno-teamwear, style-33ey0w12, colour-09, color-black, vat-standard",FALSE,Size,NS,33EY0W12-09-NS,88.54,,TRUE,draft,https://www.mizunodirect.com/img_catalog/33EY0W1209.jpg,1,44.27
mizuno-ryoko-stick-backpack-u-black,Mizuno - Ryoko Stick Backpack(u) - Black,,Mizuno,Apparel & Accessories,Teamwear,"mizuno-teamwear, style-33ey0w13, colour-09, color-black, vat-standard",FALSE,Size,NS,33EY0W13-09-NS,88.54,,TRUE,draft,https://www.mizunodirect.com/img_catalog/33EY0W1309.jpg,1,44.27
mizuno-ryoko-stick-holdall-u-black,Mizuno - Ryoko Stick Holdall(u) - Black,,Mizuno,Apparel & Accessories,Teamwear,"mizuno-teamwear, style-33ey0w14, colour-09, color-black, vat-standard",FALSE,Size,NS,33EY0W14-09-NS,88.54,,TRUE,draft,https://www.mizunodirect.com/img_catalog/33EY0W1409.jpg,1,44.27
mizuno-back-pack-u-09,Mizuno - Back Pack(u) - 09,,Mizuno,Apparel & Accessories,Teamwear,"mizuno-teamwear, style-33ey7w93, colour-09, vat-standard",FALSE,Size,NS,33EY7W93-09-NS,32,,TRUE,draft,https://www.mizunodirect.com/img_catalog/33EY7W9309.jpg,1,16
mizuno-holdall-large-u-09,Mizuno - Holdall Large(u) - 09,,Mizuno,Apparel & Accessories,Teamwear,"mizuno-teamwear, style-33ey8w08, colour-09, vat-standard",FALSE,Size,NS,33EY8W08-09-NS,32,,TRUE,draft,https://www.mizunodirect.com/img_catalog/33EY8W0809.jpg,1,16
mizuno-holdall-medium-u-09,Mizuno - Holdall Medium(u) - 09,,Mizuno,Apparel & Accessories,Teamwear,"mizuno-teamwear, style-33ey8w09, colour-09, vat-standard",FALSE,Size,NS,33EY8W09-09-NS,32,,TRUE,draft,https://www.mizunodirect.com/img_catalog/33EY8W0909.jpg,1,16
mizuno-trolley-bag-u-navy,Mizuno - Trolley Bag(u) - Navy,,Mizuno,Apparel & Accessories,Teamwear,"mizuno-teamwear, style-33gd8016, colour-14, color-navy, vat-standard",FALSE,Size,NS,33GD8016-14-NS,32,,TRUE,draft,https://www.mizunodirect.com/img_catalog/33GD801614.jpg,1,16
mizuno-ryoko-backpack-u-09,Mizuno - Ryoko Backpack(u) - 09,,Mizuno,Apparel & Accessories,Teamwear,"mizuno-teamwear, style-33ey0w03, colour-09, vat-standard",FALSE,Size,NS,33EY0W03-09-NS,32,,TRUE,draft,https://www.mizunodirect.com/img_catalog/33EY0W0309.jpg,1,16
mizuno-authentic-bib-set-w-black,Mizuno - Authentic Bib Set(w) - Black,,Mizuno,Apparel & Accessories,Teamwear,"mizuno-teamwear, style-32ea8c12, colour-09, color-black, vat-standard",FALSE,Size,NS,32EA8C12-09-NS,,,TRUE,draft,,1,
mizuno-authentic-bib-set-w-royal-blue,Mizuno - Authentic Bib Set(w) - Royal Blue,,Mizuno,Apparel & Accessories,Teamwear,"mizuno-teamwear, style-32ea8c12, colour-28, color-royal-blue, vat-standard",FALSE,Size,NS,32EA8C12-28-NS,,,TRUE,draft,,1,
mizuno-japan-bib-rb-6-pack-m-09,Mizuno - Japan Bib Rb 6 Pack(m) - 09,,Mizuno,Apparel & Accessories,Teamwear,"mizuno-teamwear, style-p2ea9540, colour-09, vat-standard",FALSE,Size,NS,P2EA9540-09-NS,,,TRUE,draft,,1,
mizuno-zunari-team-cap-pack-of-6-white,Mizuno - Zunari Team Cap (pack Of 6) - White,,Mizuno,Apparel & Accessories,Teamwear,"mizuno-teamwear, style-32fw9a01, colour-01, color-white, vat-standard",FALSE,Size,NS,32FW9A01-01-NS,84,,TRUE,draft,https://www.mizunodirect.com/img_catalog/32FW9A0101.jpg,1,42
mizuno-zunari-team-cap-pack-of-6-navy,Mizuno - Zunari Team Cap (pack Of 6) - Navy,,Mizuno,Apparel & Accessories,Teamwear,"mizuno-teamwear, style-32fw9a01, colour-14, color-navy, vat-standard",FALSE,Size,NS,32FW9A01-14-NS,84,,TRUE,draft,https://www.mizunodirect.com/img_catalog/32FW9A0114.jpg,1,42
mizuno-tatami-drylite-cap-pack-of-6-white,Mizuno - Tatami Drylite Cap (pack Of 6) - White,,Mizuno,Apparel & Accessories,Teamwear,"mizuno-teamwear, style-32fw9a02, colour-01, color-white, vat-standard",FALSE,Size,NS,32FW9A02-01-NS,84,,TRUE,draft,https://www.mizunodirect.com/img_catalog/32FW9A0201.jpg,1,42
mizuno-tatami-drylite-cap-pack-of-6-navy,Mizuno - Tatami Drylite Cap (pack Of 6) - Navy,,Mizuno,Apparel & Accessories,Teamwear,"mizuno-teamwear, style-32fw9a02, colour-14, color-navy, vat-standard",FALSE,Size,NS,32FW9A02-14-NS,84,,TRUE,draft,https://www.mizunodirect.com/img_catalog/32FW9A0214.jpg,1,42
mizuno-tatami-drylite-visor-pack-of-6-white,Mizuno - Tatami Drylite Visor (pack Of 6) - White,,Mizuno,Apparel & Accessories,Teamwear,"mizuno-teamwear, style-32fw9a03, colour-01, color-white, vat-standard",FALSE,Size,NS,32FW9A03-01-NS,84,,TRUE,draft,https://www.mizunodirect.com/img_catalog/32FW9A0301.jpg,1,42
mizuno-tatami-drylite-visor-pack-of-6-navy,Mizuno - Tatami Drylite Visor (pack Of 6) - Navy,,Mizuno,Apparel & Accessories,Teamwear,"mizuno-teamwear, style-32fw9a03, colour-14, color-navy, vat-standard",FALSE,Size,NS,32FW9A03-14-NS,84,,TRUE,draft,https://www.mizunodirect.com/img_catalog/32FW9A0314.jpg,1,42
mizuno-jingasa-bobble-hat-pack-of-6-black,Mizuno - Jingasa Bobble Hat (pack Of 6) - Black,,Mizuno,Apparel & Accessories,Teamwear,"mizuno-teamwear, style-32fw9a04, colour-09, color-black, vat-standard",FALSE,Size,NS,32FW9A04-09-NS,84,,TRUE,draft,https://www.mizunodirect.com/img_catalog/32FW9A0409.jpg,1,42
mizuno-mizuno-promo-snood-pack-of-6-black,Mizuno - Mizuno Promo Snood (pack Of 6) - Black,,Mizuno,Apparel & Accessories,Teamwear,"mizuno-teamwear, style-32fy9w02, colour-09, color-black, vat-standard",FALSE,Size,NS,32FY9W02-09-NS,120,,TRUE,draft,https://www.mizunodirect.com/img_catalog/32FY9W0209.jpg,1,60
mizuno-authentic-sp-sock-pk-u-pack-of-6-black,Mizuno - Authentic Sp Sock Pk (u) (pack Of 6) - Black,,Mizuno,Apparel & Accessories,Teamwear,"mizuno-teamwear, style-r2ex9a01, colour-09, color-black, vat-standard",FALSE,Size,S,R2EX9A01-09-S,54,,TRUE,draft,https://www.mizunodirect.com/img_catalog/R2EX9A0109.jpg,1,27
mizuno-authentic-sp-sock-pk-u-pack-of-6-black,,,,,,,FALSE,Size,M,R2EX9A01-09-M,54,,TRUE,draft,,,27
mizuno-authentic-sp-sock-pk-u-pack-of-6-black,,,,,,,FALSE,Size,L,R2EX9A01-09-L,54,,TRUE,draft,,,27
mizuno-authentic-sp-sock-pk-u-pack-of-6-black,,,,,,,FALSE,Size,XL,R2EX9A01-09-XL,54,,TRUE,draft,,,27
mizuno-authentic-sp-sock-pk-u-pack-of-6-red,Mizuno - Authentic Sp Sock Pk (u) (pack Of 6) - Red,,Mizuno,Apparel & Accessories,Teamwear,"mizuno-teamwear, style-r2ex9a01, colour-62, color-red, vat-standard",FALSE,Size,S,R2EX9A01-62-S,54,,TRUE,draft,https://www.mizunodirect.com/img_catalog/R2EX9A0162.jpg,1,27
mizuno-authentic-sp-sock-pk-u-pack-of-6-red,,,,,,,FALSE,Size,M,R2EX9A01-62-M,54,,TRUE,draft,,,27
mizuno-authentic-sp-sock-pk-u-pack-of-6-red,,,,,,,FALSE,Size,L,R2EX9A01-62-L,54,,TRUE,draft,,,27
mizuno-authentic-sp-sock-pk-u-pack-of-6-red,,,,,,,FALSE,Size,XL,R2EX9A01-62-XL,54,,TRUE,draft,,,27
mizuno-authentic-sp-sock-pk-u-white,Mizuno - Authentic Sp Sock Pk (u) - White,,Mizuno,Apparel & Accessories,Teamwear,"mizuno-teamwear, style-r2ex9a01, colour-01, color-white, vat-standard",FALSE,Size,S,R2EX9A01-01-S,54,,TRUE,draft,,1,27
mizuno-authentic-sp-sock-pk-u-white,,,,,,,FALSE,Size,M,R2EX9A01-01-M,54,,TRUE,draft,,,27
mizuno-authentic-sp-sock-pk-u-white,,,,,,,FALSE,Size,L,R2EX9A01-01-L,54,,TRUE,draft,,,27
mizuno-authentic-sp-sock-pk-u-white,,,,,,,FALSE,Size,XL,R2EX9A01-01-XL,54,,TRUE,draft,,,27
mizuno-handball-socks-6pair-u-01,Mizuno - Handball Socks 6pair(u) - 01,,Mizuno,Apparel & Accessories,Teamwear,"mizuno-teamwear, style-32ex0x01, colour-01, vat-standard",FALSE,Size,S,32EX0X01-01-S,54,,TRUE,draft,https://www.mizunodirect.com/img_catalog/32EX0X0101.jpg,1,27
mizuno-handball-socks-6pair-u-01,,,,,,,FALSE,Size,M,32EX0X01-01-M,54,,TRUE,draft,,,27
mizuno-handball-socks-6pair-u-01,,,,,,,FALSE,Size,L,32EX0X01-01-L,54,,TRUE,draft,,,27
mizuno-handball-socks-6pair-u-01,,,,,,,FALSE,Size,XL,32EX0X01-01-XL,54,,TRUE,draft,,,27
mizuno-handball-socks-6pair-u-01,,,,,,,FALSE,Size,XXL,32EX0X01-01-XXL,54,,TRUE,draft,,,27
mizuno-handball-socks-6pair-u-15,Mizuno - Handball Socks 6pair(u) - 15,,Mizuno,Apparel & Accessories,Teamwear,"mizuno-teamwear, style-32ex0x01, colour-15, vat-standard",FALSE,Size,S,32EX0X01-15-S,54,,TRUE,draft,https://www.mizunodirect.com/img_catalog/32EX0X0115.jpg,1,27
mizuno-handball-socks-6pair-u-15,,,,,,,FALSE,Size,M,32EX0X01-15-M,54,,TRUE,draft,,,27
mizuno-handball-socks-6pair-u-15,,,,,,,FALSE,Size,L,32EX0X01-15-L,54,,TRUE,draft,,,27
mizuno-handball-socks-6pair-u-15,,,,,,,FALSE,Size,XL,32EX0X01-15-XL,54,,TRUE,draft,,,27
mizuno-handball-socks-6pair-u-15,,,,,,,FALSE,Size,XXL,32EX0X01-15-XXL,54,,TRUE,draft,,,27
