title,styleCode,colorCode,colorName,sizeCount,missingPrice,missingDescription,missingImages,sourceUrlCount
Mizuno - Mizuno Terry Hoodie(m) - Grey Melange,32EC7B60,07,Grey Melange,9,NO,YES,NO,1
Mizuno - Mizuno Terry Hoodie(m) - Navy,32EC7B60,14,Navy,9,NO,YES,NO,1
Mizuno - Mizuno Terry Hoodie(m) - Black,32EC7B60C,09,Black,9,NO,YES,NO,1
Mizuno - Chiba Hoodie Jk M(m) - 09,32ECA560,09,,7,NO,YES,NO,1
Mizuno - Chiba Hoodie Jk M(m) - 62,32ECA560,62,,7,NO,YES,YES,1
Mizuno - Uni Osaka Wind Jkt(m) - Black,U2EE8501,09,Black,9,NO,YES,NO,1
Mizuno - Bench Jacket(u) - Black,32EE4A23,09,Black,9,NO,YES,NO,1
Mizuno - Sideline Jacket (m) - 09,32EE6A10,09,,7,NO,YES,NO,1
Mizuno - Sapporo Hybrid Jkt M(m) - Black,32FE9A02,09,Black,8,NO,YES,NO,1
Mizuno - Sapporo Hybrid Glt M(m) - Black,32FE9A06,09,Black,8,NO,YES,NO,1
Mizuno - Mizuno Club Jacket M(m) - Black,32FE9A07,09,Black,7,NO,YES,NO,1
Mizuno - Sideline Jacket M(m) - Black,32EE2A10,09,Black,7,YES,YES,YES,1
Mizuno - Sideline Jacket M(m) - 09,32EE9A10,09,,7,NO,YES,NO,1
Mizuno - Uni Auth Rain Jacket(m) - 14,U2EE7101,14,,8,NO,YES,YES,1
Mizuno - Men Auth Singlet(m) - 19,U2EA7101,19,,1,NO,YES,NO,1
Mizuno - Takeshi Gym Shorts(m) - Black,32EB4A01,09,Black,8,NO,YES,NO,1
Mizuno - Authentic R Short M(m) - White,32EB8A11,01,White,7,NO,YES,NO,1
Mizuno - Authentic R Short M(m) - Navy,32EB8A11,14,Navy,7,NO,YES,NO,1
Mizuno - Core Bermuda M(m) - Black,32EB9635,09,Black,5,NO,YES,NO,1
Mizuno - Takeshi Gym Shorts(m) - 01,32EB4A03,01,,6,NO,YES,NO,1
Mizuno - Takeshi Gym Shorts(m) - Black,32EB1A05,09,Black,8,NO,YES,NO,1
Mizuno - Takeshi Gym Shorts(m) - 01,32EB1A06,01,,8,YES,YES,NO,1
Mizuno - Training Short (m) - 09,32EBA520,09,,8,NO,YES,NO,1
Mizuno - Shizuoka Ft Tee M(m) - Grey,32EA8A05,05,Grey,7,NO,YES,NO,1
Mizuno - Shizuoka Ft Tee M(m) - Navy,32EA8A05,14,Navy,7,NO,YES,NO,1
Mizuno - Shizuoka Ft Polo M(m) - Grey,32EA8A06,05,Grey,7,NO,YES,NO,1
Mizuno - Shizuoka Ft Polo M(m) - Navy,32EA8A06,14,Navy,7,NO,YES,NO,1
Mizuno - Men Core Polo (m) - 14,32EA7001,14,,7,NO,YES,NO,1
Mizuno - Men Core Ss Tee(m) - 10,32EA7002,10,,7,NO,YES,NO,1
Mizuno - Men Core Ss Tee(m) - 19,32EA7002,19,,7,NO,YES,NO,1
Mizuno - Men Auth Singlet(m) - 14,U2EA7101,14,,7,NO,YES,NO,1
Mizuno - Mizuno Training Tee (m) - 14,32EAB565,14,,8,YES,YES,YES,1
Mizuno - Mizuno Training Tee (m) - 71,32EAB565,71,,8,YES,YES,YES,1
Mizuno - Shizuoka T Fleece (m) - Black,32EE8A01,09,Black,8,NO,YES,NO,1
Mizuno - Shizuoka Spls Top M(m) - Black,32EC8A02,09,Black,7,NO,YES,NO,1
Mizuno - Nara Trn Swt M(m) - 09,32FC9A03,09,,8,NO,YES,NO,1
Mizuno - Training Tech Fleece M - 09,32ECA505,09,,8,NO,YES,YES,1
Mizuno - Shizuoka T Pant (m) - Black,32ED8A01,09,Black,8,NO,YES,NO,1
Mizuno - Nara Track Pant M(m) - Black,32FD9A01,09,Black,7,NO,YES,NO,1
Mizuno - Mizuno Ter Hoodie W(w) - Grey Melange,32EC9C60,07,Grey Melange,7,NO,YES,NO,1
Mizuno - Mizuno Ter Hoodie W(w) - Navy,32EC9C60,14,Navy,7,NO,YES,NO,1
Mizuno - Mizuno Ter Hoodie W(w) - Black,32EC9C60C,09,Black,7,YES,YES,YES,1
Mizuno - Chiba Hoodie Jk W(w) - 09,32ECA760,09,,7,YES,YES,YES,1
Mizuno - Chiba Hoodie Jk W(w) - 62,32ECA760,62,,7,YES,YES,YES,1
Mizuno - Wom Premium Short(w) - 14,U2EB7201,14,,8,YES,YES,YES,1
Mizuno - Training Short (w) - 09,32EBA720,09,,7,NO,YES,NO,1
Mizuno - Authentic Skort W(w) - Black,32EB8C14,09,Black,7,NO,YES,NO,1
Mizuno - Shizuoka Ft Tee W(w) - Grey,32EA8C05,05,Grey,7,NO,YES,NO,1
Mizuno - Shizuoka Ft Tee W(w) - Navy,32EA8C05,14,Navy,7,NO,YES,NO,1
Mizuno - Shizuoka Ft Polo W(w) - Grey,32EA8C06,05,Grey,7,NO,YES,NO,1
Mizuno - Shizuoka Ft Polo W(w) - Navy,32EA8C06,14,Navy,7,NO,YES,NO,1
Mizuno - Wom Core Polo (w) - 14,32EA7201,14,,7,NO,YES,NO,1
Mizuno - Wom Core Ss Tee(w) - 10,32EA7202,10,,7,NO,YES,NO,1
Mizuno - Wom Core Ss Tee(w) - 19,32EA7202,19,,7,NO,YES,NO,1
Mizuno - Wom Auth Singlet(w) - 14,U2EA7301,14,,7,NO,YES,NO,1
Mizuno - Mizuno Training Tee (w) - 14,32EAB765,14,,7,YES,YES,YES,1
Mizuno - Auth Rain Jacket W(w) - 14,32EEA710,14,,6,YES,YES,YES,1
Mizuno - Nara Training Sweat W - 14,32ECA703,14,,6,YES,YES,YES,1
Mizuno - Shizuoka Tech Fleece (w) - 09,32ECA705,09,,7,YES,YES,YES,1
Mizuno - Shizuoka T Pant W(w) - Black,32ED8C01,09,Black,7,NO,YES,NO,1
Mizuno - Nara Track Pant W(w) - Black,32EDA701,09,Black,7,NO,YES,NO,1
Mizuno - Mizuno Ter Hoodie Jr(c) - Grey Melange,32EC9B60,07,Grey Melange,5,NO,YES,NO,1
Mizuno - Mizuno Ter Hoodie Jr(c) - Navy,32EC9B60,14,Navy,5,NO,YES,NO,1
Mizuno - Mizuno Ter Hoodie Jr(c) - 09,32EC9B60C,09,,5,YES,YES,NO,1
Mizuno - Chiba Hoodie Jk Jr(c) - 09,32ECA960,09,,5,YES,YES,YES,1
Mizuno - Jr Osaka Wind Jkt(c) - Black,U2EE8901,09,Black,5,NO,YES,NO,1
Mizuno - Mizuno Club Jk Jr(c) - Black,32FE9B07,09,Black,5,NO,YES,NO,1
Mizuno - Jr Takeshi G Shorts(c) - Black,32EB4B01,09,Black,5,NO,YES,NO,1
Mizuno - Authentic R Short Jr(c) - White,32EB8B11,01,White,5,NO,YES,NO,1
Mizuno - Authentic R Short Jr(c) - Navy,32EB8B11,14,Navy,5,NO,YES,NO,1
Mizuno - Core Bermuda Jr(c) - Black,32EB9935,09,Black,5,NO,YES,NO,1
Mizuno - Jr Takeshi G Shorts(c) - 01,32EB4B03,01,,5,NO,YES,NO,1
Mizuno - Jr Takeshi G Shorts(c) - 09,32EB1B05,09,,5,NO,YES,NO,1
Mizuno - J Takeshi G Shorts L(c) - 01,32EB1B06,01,,5,YES,YES,NO,1
Mizuno - Jr Stock Skort(c) - Black,32EB8D14,09,Black,5,NO,YES,NO,1
Mizuno - Shizuoka Ft Tee Jr(c) - Black,32EA8B05,09,Black,5,NO,YES,NO,1
Mizuno - Jr Core Ss Tee(c) - 10,32EA7401,10,,5,NO,YES,NO,1
Mizuno - Jr Core Ss Tee(c) - 19,32EA7401,19,,5,NO,YES,NO,1
Mizuno - Shizuoka T Fleece Jr(c) - Black,32EE8B01,09,Black,5,NO,YES,NO,1
Mizuno - Shizuoka Spls Top Jr(c) - Black,32EC8B02,09,Black,5,NO,YES,NO,1
Mizuno - Shizuoka T Pant Jr(c) - Black,32ED8B01,09,Black,5,NO,YES,NO,1
Mizuno - Nara Track Pant Jr(c) - Black,32FD9B01,09,Black,5,NO,YES,NO,1
Mizuno - Shizuoka Tech Fleece (c) - 14,32ECA905,14,,1,YES,YES,YES,1
Mizuno - Ryoko Stick Bag(u) - Black,33EY0W12,09,Black,1,NO,YES,NO,1
Mizuno - Ryoko Stick Backpack(u) - Black,33EY0W13,09,Black,1,NO,YES,NO,1
Mizuno - Ryoko Stick Holdall(u) - Black,33EY0W14,09,Black,1,NO,YES,NO,1
Mizuno - Back Pack(u) - 09,33EY7W93,09,,1,NO,YES,NO,1
Mizuno - Holdall Large(u) - 09,33EY8W08,09,,1,NO,YES,NO,1
Mizuno - Holdall Medium(u) - 09,33EY8W09,09,,1,NO,YES,NO,1
Mizuno - Trolley Bag(u) - Navy,33GD8016,14,Navy,1,NO,YES,NO,1
Mizuno - Ryoko Backpack(u) - 09,33EY0W03,09,,1,NO,YES,NO,1
Mizuno - Authentic Bib Set(w) - Black,32EA8C12,09,Black,1,YES,YES,YES,1
Mizuno - Authentic Bib Set(w) - Royal Blue,32EA8C12,28,Royal Blue,1,YES,YES,YES,1
Mizuno - Japan Bib Rb 6 Pack(m) - 09,P2EA9540,09,,1,YES,YES,YES,1
Mizuno - Zunari Team Cap (pack Of 6) - White,32FW9A01,01,White,1,NO,YES,NO,1
Mizuno - Zunari Team Cap (pack Of 6) - Navy,32FW9A01,14,Navy,1,NO,YES,NO,1
Mizuno - Tatami Drylite Cap (pack Of 6) - White,32FW9A02,01,White,1,NO,YES,NO,1
Mizuno - Tatami Drylite Cap (pack Of 6) - Navy,32FW9A02,14,Navy,1,NO,YES,NO,1
Mizuno - Tatami Drylite Visor (pack Of 6) - White,32FW9A03,01,White,1,NO,YES,NO,1
Mizuno - Tatami Drylite Visor (pack Of 6) - Navy,32FW9A03,14,Navy,1,NO,YES,NO,1
Mizuno - Jingasa Bobble Hat (pack Of 6) - Black,32FW9A04,09,Black,1,NO,YES,NO,1
Mizuno - Mizuno Promo Snood (pack Of 6) - Black,32FY9W02,09,Black,1,NO,YES,NO,1
Mizuno - Authentic Sp Sock Pk (u) (pack Of 6) - Black,R2EX9A01,09,Black,4,NO,YES,NO,1
Mizuno - Authentic Sp Sock Pk (u) (pack Of 6) - Red,R2EX9A01,62,Red,4,NO,YES,NO,1
Mizuno - Authentic Sp Sock Pk (u) - White,R2EX9A01,01,White,4,NO,YES,YES,1
Mizuno - Handball Socks 6pair(u) - 01,32EX0X01,01,,5,NO,YES,NO,1
Mizuno - Handball Socks 6pair(u) - 15,32EX0X01,15,,5,NO,YES,NO,1
